[{"name": "\u5f53\u5e78\u798f\u6765\u6572\u95e8 The Pursuit of Happyness", "classification": "\u5267\u60c5", "image_urls": ["https://img1.doubanio.com/view/movie_poster_cover/spst/public/p1312700628.jpg"], "director": "\u52a0\u5e03\u91cc\u5c14\u00b7\u7a46\u5947\u8bfa", "score": "8.9", "actor": "\u5a01\u5c14\u00b7\u53f2\u5bc6\u65af", "year": "(2006)"},
{"name": "\u5929\u5802\u7535\u5f71\u9662 Nuovo Cinema Paradiso", "classification": "\u5267\u60c5", "image_urls": ["https://img3.doubanio.com/view/movie_poster_cover/spst/public/p1910901025.jpg"], "director": "\u6731\u585e\u4f69\u00b7\u6258\u7eb3\u591a\u96f7", "score": "9.1", "actor": "\u5b89\u4e1c\u5a1c\u62c9\u00b7\u5854\u8389", "year": "(1988)"},
{"name": "\u7f57\u9a6c\u5047\u65e5 Roman Holiday", "classification": "\u5267\u60c5", "image_urls": ["https://img3.doubanio.com/view/movie_poster_cover/spst/public/p2173398296.jpg"], "director": "\u5a01\u5ec9\u00b7\u60e0\u52d2", "score": "8.9", "actor": "\u5965\u9edb\u4e3d\u00b7\u8d6b\u672c", "year": "(1953)"},
{"name": "\u695a\u95e8\u7684\u4e16\u754c The Truman Show", "classification": "\u5267\u60c5", "image_urls": ["https://img3.doubanio.com/view/movie_poster_cover/spst/public/p480420695.jpg"], "director": "\u5f7c\u5f97\u00b7\u5a01\u5c14", "score": "9.0", "actor": "\u91d1\u00b7\u51ef\u745e", "year": "(1998)"},
{"name": "\u6307\u73af\u738b3\uff1a\u738b\u8005\u65e0\u654c The Lord of the Rings: The Return of the King", "classification": "\u5267\u60c5", "image_urls": ["https://img3.doubanio.com/view/movie_poster_cover/spst/public/p1910825503.jpg"], "director": "\u5f7c\u5f97\u00b7\u6770\u514b\u900a", "score": "9.1", "actor": "\u7ef4\u679c\u00b7\u83ab\u817e\u68ee", "year": "(2003)"},
{"name": "\u89e6\u4e0d\u53ef\u53ca Intouchables", "classification": "\u5267\u60c5", "image_urls": ["https://img3.doubanio.com/view/movie_poster_cover/spst/public/p1454261925.jpg"], "director": "\u5965\u5229\u7ef4\u00b7\u90a3\u5361\u4ec0", "score": "9.1", "actor": "\u5f17\u6717\u7d22\u74e6\u00b7\u514b\u9c81\u585e", "year": "(2011)"},
{"name": "\u4e71\u4e16\u4f73\u4eba Gone with the Wind", "classification": "\u5267\u60c5", "image_urls": ["https://img3.doubanio.com/view/movie_poster_cover/spst/public/p1963126880.jpg"], "director": "\u7ef4\u514b\u591a\u00b7\u5f17\u83b1\u660e", "score": "9.2", "actor": "\u514b\u62c9\u514b\u00b7\u76d6\u535a", "year": "(1939)"},
{"name": "\u6559\u7236 The Godfather", "classification": "\u5267\u60c5", "image_urls": ["https://img3.doubanio.com/view/movie_poster_cover/spst/public/p1910907404.jpg"], "director": "\u5f17\u6717\u897f\u65af\u00b7\u798f\u7279\u00b7\u79d1\u6ce2\u62c9", "score": "9.2", "actor": "\u9a6c\u9f99\u00b7\u767d\u5170\u5ea6", "year": "(1972)"},
{"name": "\u4e09\u50bb\u5927\u95f9\u5b9d\u83b1\u575e 3 Idiots", "classification": "\u5267\u60c5", "image_urls": ["https://img3.doubanio.com/view/movie_poster_cover/spst/public/p579729551.jpg"], "director": "\u62c9\u5409\u5e93\u9a6c\u5c14\u00b7\u5e0c\u62c9\u5c3c", "score": "9.1", "actor": "\u963f\u7c73\u5c14\u00b7\u6c57", "year": "(2009)"},
{"name": "\u5fe0\u72ac\u516b\u516c\u7684\u6545\u4e8b Hachi: A Dog's Tale", "classification": "\u5267\u60c5", "image_urls": ["https://img3.doubanio.com/view/movie_poster_cover/spst/public/p524964016.jpg"], "director": "\u83b1\u585e\u00b7\u970d\u5c14\u65af\u9053\u59c6", "score": "9.2", "actor": "\u7406\u67e5\u00b7\u57fa\u5c14", "year": "(2009)"},
{"name": "\u5e7d\u7075\u516c\u4e3b \u3082\u306e\u306e\u3051\u59eb", "classification": "\u52a8\u753b", "image_urls": ["https://img3.doubanio.com/view/movie_poster_cover/spst/public/p1613191025.jpg"], "director": "\u5bab\u5d0e\u9a8f", "score": "8.8", "actor": "\u677e\u7530\u6d0b\u6cbb", "year": "(1997)"},
{"name": "\u653e\u725b\u73ed\u7684\u6625\u5929 Les choristes", "classification": "\u5267\u60c5", "image_urls": ["https://img3.doubanio.com/view/movie_poster_cover/spst/public/p1910824951.jpg"], "director": "\u514b\u91cc\u65af\u6258\u592b\u00b7\u5df4\u62c9\u8482", "score": "9.2", "actor": "\u6770\u62c9\u5c14\u00b7\u6731\u8bfa", "year": "(2004)"},
{"name": "\u9f99\u732b \u3068\u306a\u308a\u306e\u30c8\u30c8\u30ed", "classification": "\u52a8\u753b", "image_urls": ["https://img1.doubanio.com/view/movie_poster_cover/spst/public/p1910829638.jpg"], "director": "\u5bab\u5d0e\u9a8f", "score": "9.1", "actor": "\u65e5\u9ad8\u6cd5\u5b50", "year": "(1988)"},
{"name": "\u5927\u9c7c Big Fish", "classification": "\u5267\u60c5", "image_urls": ["https://img3.doubanio.com/view/movie_poster_cover/spst/public/p692813374.jpg"], "director": "\u8482\u59c6\u00b7\u6ce2\u987f", "score": "8.7", "actor": "\u4f0a\u4e07\u00b7\u9ea6\u514b\u683c\u96f7\u683c", "year": "(2003)"},
{"name": "\u5927\u8bdd\u897f\u6e38\u4e4b\u5927\u5723\u5a36\u4eb2 \u897f\u904a\u8a18\u5927\u7d50\u5c40\u4e4b\u4ed9\u5c65\u5947\u7de3", "classification": "\u559c\u5267", "image_urls": ["https://img3.doubanio.com/view/movie_poster_cover/spst/public/p648365452.jpg"], "director": "\u5218\u9547\u4f1f", "score": "9.1", "actor": "\u5468\u661f\u9a70", "year": "(1995)"},
{"name": "\u6cf0\u5766\u5c3c\u514b\u53f7 Titanic", "classification": "\u5267\u60c5", "image_urls": ["https://img3.doubanio.com/view/movie_poster_cover/spst/public/p457760035.jpg"], "director": "\u8a79\u59c6\u65af\u00b7\u5361\u6885\u9686", "score": "9.1", "actor": "\u83b1\u6602\u7eb3\u591a\u00b7\u8fea\u5361\u666e\u91cc\u5965", "year": "(1997)"},
{"name": "\u4e03\u5b97\u7f6a Se7en", "classification": "\u5267\u60c5", "image_urls": ["https://img3.doubanio.com/view/movie_poster_cover/spst/public/p457631605.jpg"], "director": "\u5927\u536b\u00b7\u82ac\u5947", "score": "8.7", "actor": "\u6469\u6839\u00b7\u5f17\u91cc\u66fc", "year": "(1995)"},
{"name": "\u60c5\u4e66 Love Letter", "classification": "\u5267\u60c5", "image_urls": ["https://img1.doubanio.com/view/movie_poster_cover/spst/public/p449897379.jpg"], "director": "\u5ca9\u4e95\u4fca\u4e8c", "score": "8.8", "actor": "\u4e2d\u5c71\u7f8e\u7a57", "year": "(1995)"},
{"name": "\u6307\u73af\u738b2\uff1a\u53cc\u5854\u5947\u5175 The Lord of the Rings: The Two Towers", "classification": "\u5267\u60c5", "image_urls": ["https://img3.doubanio.com/view/movie_poster_cover/spst/public/p909265336.jpg"], "director": "\u5f7c\u5f97\u00b7\u6770\u514b\u900a", "score": "8.9", "actor": "\u4f0a\u5229\u4e9a\u00b7\u4f0d\u5fb7", "year": "(2002)"},
{"name": "\u7f8e\u4e3d\u5fc3\u7075 A Beautiful Mind", "classification": "\u5267\u60c5", "image_urls": ["https://img3.doubanio.com/view/movie_poster_cover/spst/public/p1665997400.jpg"], "director": "\u6717\u00b7\u970d\u534e\u5fb7", "score": "8.9", "actor": "\u7f57\u7d20\u00b7\u514b\u52b3", "year": "(2001)"},
{"name": "\u54c8\u5c14\u7684\u79fb\u52a8\u57ce\u5821 \u30cf\u30a6\u30eb\u306e\u52d5\u304f\u57ce", "classification": "\u7231\u60c5", "image_urls": ["https://img3.doubanio.com/view/movie_poster_cover/spst/public/p2174346180.jpg"], "director": "\u5bab\u5d0e\u9a8f", "score": "8.8", "actor": "\u500d\u8d4f\u5343\u60e0\u5b50", "year": "(2004)"},
{"name": "\u5929\u4f7f\u7231\u7f8e\u4e3d Le fabuleux destin d'Am\u00e9lie Poulain", "classification": "\u559c\u5267", "image_urls": ["https://img3.doubanio.com/view/movie_poster_cover/spst/public/p803896904.jpg"], "director": "\u8ba9-\u76ae\u57c3\u5c14\u00b7\u70ed\u5185", "score": "8.7", "actor": "\u5965\u9edb\u4e3d\u00b7\u5854\u56fe", "year": "(2001)"},
{"name": "\u6d3b\u7740", "classification": "\u5267\u60c5", "image_urls": ["https://img3.doubanio.com/view/movie_poster_cover/spst/public/p2173575484.jpg"], "director": "\u5f20\u827a\u8c0b", "score": "9.0", "actor": "\u845b\u4f18", "year": "(1994)"},
{"name": "\u6307\u73af\u738b1\uff1a\u9b54\u6212\u518d\u73b0 The Lord of the Rings: The Fellowship of the Ring", "classification": "\u5267\u60c5", "image_urls": ["https://img3.doubanio.com/view/movie_poster_cover/spst/public/p1354436051.jpg"], "director": "\u5f7c\u5f97\u00b7\u6770\u514b\u900a", "score": "8.9", "actor": "\u4f0a\u5229\u4e9a\u00b7\u4f0d\u5fb7", "year": "(2001)"},
{"name": "\u95fb\u9999\u8bc6\u5973\u4eba Scent of a Woman", "classification": "\u5267\u60c5", "image_urls": ["https://img1.doubanio.com/view/movie_poster_cover/spst/public/p925123037.jpg"], "director": "\u9a6c\u4e01\u00b7\u5e03\u83b1\u65af", "score": "8.9", "actor": "\u963f\u5c14\u00b7\u5e15\u897f\u8bfa", "year": "(1992)"},
{"name": "\u7a83\u542c\u98ce\u66b4 Das Leben der Anderen", "classification": "\u5267\u60c5", "image_urls": ["https://img1.doubanio.com/view/movie_poster_cover/spst/public/p1808872109.jpg"], "director": "\u5f17\u6d1b\u91cc\u5b89\u00b7\u4ea8\u514b\u5c14\u00b7\u51af\u00b7\u591a\u7eb3\u65af\u9a6c", "score": "9.1", "actor": "\u4e4c\u5c14\u91cc\u5e0c\u00b7\u7a46\u57c3", "year": "(2006)"},
{"name": "V\u5b57\u4ec7\u6740\u961f V for Vendetta", "classification": "\u5267\u60c5", "image_urls": ["https://img3.doubanio.com/view/movie_poster_cover/spst/public/p1465235231.jpg"], "director": "\u8a79\u59c6\u65af\u00b7\u9ea6\u514b\u7279\u683c", "score": "8.8", "actor": "\u5a1c\u5854\u8389\u00b7\u6ce2\u7279\u66fc", "year": "(2005)"},
{"name": "\u9b3c\u5b50\u6765\u4e86", "classification": "\u5267\u60c5", "image_urls": ["https://img3.doubanio.com/view/movie_poster_cover/spst/public/p1181775734.jpg"], "director": "\u59dc\u6587", "score": "9.1", "actor": "\u59dc\u6587", "year": "(2000)"},
{"name": "\u8759\u8760\u4fa0\uff1a\u9ed1\u6697\u9a91\u58eb The Dark Knight", "classification": "\u5267\u60c5", "image_urls": ["https://img3.doubanio.com/view/movie_poster_cover/spst/public/p462657443.jpg"], "director": "\u514b\u91cc\u65af\u6258\u5f17\u00b7\u8bfa\u5170", "score": "9.0", "actor": "\u514b\u91cc\u65af\u8482\u5b89\u00b7\u8d1d\u5c14", "year": "(2008)"},
{"name": "\u6559\u72362 The Godfather: Part \u2161", "classification": "\u5267\u60c5", "image_urls": ["https://img3.doubanio.com/view/movie_poster_cover/spst/public/p616779231.jpg"], "director": "\u5f17\u6717\u897f\u65af\u00b7\u798f\u7279\u00b7\u79d1\u6ce2\u62c9", "score": "9.1", "actor": "\u963f\u5c14\u00b7\u5e15\u897f\u8bfa", "year": "(1974)"},
{"name": "\u98de\u8d8a\u75af\u4eba\u9662 One Flew Over the Cuckoo's Nest", "classification": "\u5267\u60c5", "image_urls": ["https://img1.doubanio.com/view/movie_poster_cover/spst/public/p792238287.jpg"], "director": "\u7c73\u6d1b\u65af\u00b7\u798f\u5c14\u66fc", "score": "9.0", "actor": "\u6770\u514b\u00b7\u5c3c\u79d1\u5c14\u68ee", "year": "(1975)"},
{"name": "\u65e0\u95f4\u9053 \u7121\u9593\u9053", "classification": "\u60ac\u7591", "image_urls": ["https://img3.doubanio.com/view/movie_poster_cover/spst/public/p2233971046.jpg"], "director": "\u5218\u4f1f\u5f3a", "score": "8.9", "actor": "\u5218\u5fb7\u534e", "year": "(2002)"},
{"name": "\u5c11\u5e74\u6d3e\u7684\u5947\u5e7b\u6f02\u6d41 Life of Pi", "classification": "\u5267\u60c5", "image_urls": ["https://img3.doubanio.com/view/movie_poster_cover/spst/public/p1784592701.jpg"], "director": "\u674e\u5b89", "score": "9.0", "actor": "\u82cf\u62c9\u00b7\u6c99\u739b", "year": "(2012)"},
{"name": "\u6d77\u8c5a\u6e7e The Cove", "classification": "\u7eaa\u5f55\u7247", "image_urls": ["https://img3.doubanio.com/view/movie_poster_cover/spst/public/p455222172.jpg"], "director": "\u8def\u6613\u00b7\u897f\u970d\u5c24\u65af", "score": "9.3", "actor": "John Chisholm", "year": "(2009)"},
{"name": "\u4e24\u6746\u5927\u70df\u67aa Lock, Stock and Two Smoking Barrels", "classification": "\u5267\u60c5", "image_urls": ["https://img1.doubanio.com/view/movie_poster_cover/spst/public/p792443418.jpg"], "director": "\u76d6\u00b7\u91cc\u5947", "score": "9.0", "actor": "\u6770\u68ee\u00b7\u5f17\u83b1\u660e", "year": "(1998)"},
{"name": "\u6026\u7136\u5fc3\u52a8 Flipped", "classification": "\u5267\u60c5", "image_urls": ["https://img3.doubanio.com/view/movie_poster_cover/spst/public/p663036666.jpg"], "director": "\u7f57\u4f2f\u00b7\u83b1\u7eb3", "score": "8.9", "actor": "\u739b\u5fb7\u7433\u00b7\u5361\u7f57\u5c14", "year": "(2010)"},
{"name": "\u98de\u5c4b\u73af\u6e38\u8bb0 Up", "classification": "\u5267\u60c5", "image_urls": ["https://img3.doubanio.com/view/movie_poster_cover/spst/public/p465583562.jpg"], "director": "\u5f7c\u7279\u00b7\u9053\u683c\u7279", "score": "8.9", "actor": "\u7231\u5fb7\u534e\u00b7\u963f\u65af\u7eb3", "year": "(2009)"},
{"name": "\u5929\u7a7a\u4e4b\u57ce \u5929\u7a7a\u306e\u57ce\u30e9\u30d4\u30e5\u30bf", "classification": "\u52a8\u753b", "image_urls": ["https://img1.doubanio.com/view/movie_poster_cover/spst/public/p1446261379.jpg"], "director": "\u5bab\u5d0e\u9a8f", "score": "9.0", "actor": "\u7530\u4e2d\u771f\u5f13", "year": "(1986)"},
{"name": "\u5341\u4e8c\u6012\u6c49 12 Angry Men", "classification": "\u5267\u60c5", "image_urls": ["https://img3.doubanio.com/view/movie_poster_cover/spst/public/p2173577632.jpg"], "director": "\u897f\u5fb7\u5c3c\u00b7\u5415\u7f8e\u7279", "score": "9.3", "actor": "\u4ea8\u5229\u00b7\u65b9\u8fbe", "year": "(1957)"},
{"name": "\u5927\u8bdd\u897f\u6e38\u4e4b\u6708\u5149\u5b9d\u76d2 \u897f\u904a\u8a18\u7b2c\u58f9\u4f70\u96f6\u58f9\u56de\u4e4b\u6708\u5149\u5bf6\u76d2", "classification": "\u559c\u5267", "image_urls": ["https://img3.doubanio.com/view/movie_poster_cover/spst/public/p1280323646.jpg"], "director": "\u5218\u9547\u4f1f", "score": "8.9", "actor": "\u5468\u661f\u9a70", "year": "(1995)"},
{"name": "\u8fa9\u62a4\u4eba \ubcc0\ud638\uc778", "classification": "\u5267\u60c5", "image_urls": ["https://img3.doubanio.com/view/movie_poster_cover/spst/public/p2158166535.jpg"], "director": "\u6768\u5b87\u7855", "score": "9.1", "actor": "\u5b8b\u5eb7\u660a", "year": "(2013)"},
{"name": "\u996e\u98df\u7537\u5973 \u98f2\u98df\u7537\u5973", "classification": "\u5267\u60c5", "image_urls": ["https://img3.doubanio.com/view/movie_poster_cover/spst/public/p1910899751.jpg"], "director": "\u674e\u5b89", "score": "8.9", "actor": "\u5434\u5029\u83b2", "year": "(1994)"},
{"name": "\u7b2c\u516d\u611f The Sixth Sense", "classification": "\u5267\u60c5", "image_urls": ["https://img3.doubanio.com/view/movie_poster_cover/spst/public/p2220184425.jpg"], "director": "M\u00b7\u5948\u7279\u00b7\u6c99\u9a6c\u5170", "score": "8.8", "actor": "\u5e03\u9c81\u65af\u00b7\u5a01\u5229\u65af", "year": "(1999)"},
{"name": "\u897f\u897f\u91cc\u7684\u7f8e\u4e3d\u4f20\u8bf4 Mal\u00e8na", "classification": "\u5267\u60c5", "image_urls": ["https://img3.doubanio.com/view/movie_poster_cover/spst/public/p792400696.jpg"], "director": "\u6731\u585e\u4f69\u00b7\u6258\u7eb3\u591a\u96f7", "score": "8.6", "actor": "\u83ab\u59ae\u5361\u00b7\u8d1d\u9c81\u5947", "year": "(2000)"},
{"name": "\u62ef\u6551\u5927\u5175\u745e\u6069 Saving Private Ryan", "classification": "\u5267\u60c5", "image_urls": ["https://img3.doubanio.com/view/movie_poster_cover/spst/public/p1014542496.jpg"], "director": "\u53f2\u8482\u6587\u00b7\u65af\u76ae\u5c14\u4f2f\u683c", "score": "8.8", "actor": "\u6c64\u59c6\u00b7\u6c49\u514b\u65af", "year": "(1998)"},
{"name": "\u9ed1\u5ba2\u5e1d\u56fd The Matrix", "classification": "\u52a8\u4f5c", "image_urls": ["https://img3.doubanio.com/view/movie_poster_cover/spst/public/p1910908765.jpg"], "director": "\u8389\u8389\u00b7\u6c83\u5353\u65af\u57fa", "score": "8.7", "actor": "\u57fa\u52aa\u00b7\u91cc\u7ef4\u65af", "year": "(1999)"},
{"name": "\u672c\u6770\u660e\u00b7\u5df4\u987f\u5947\u4e8b The Curious Case of Benjamin Button", "classification": "\u5267\u60c5", "image_urls": ["https://img3.doubanio.com/view/movie_poster_cover/spst/public/p2192535722.jpg"], "director": "\u5927\u536b\u00b7\u82ac\u5947", "score": "8.7", "actor": "\u5e03\u62c9\u5fb7\u00b7\u76ae\u7279", "year": "(2008)"},
{"name": "\u739b\u4e3d\u548c\u9a6c\u514b\u601d Mary and Max", "classification": "\u5267\u60c5", "image_urls": ["https://img1.doubanio.com/view/movie_poster_cover/spst/public/p1820615077.jpg"], "director": "\u4e9a\u5f53\u00b7\u827e\u7565\u7279", "score": "8.9", "actor": "\u6258\u59ae\u00b7\u79d1\u83b1\u7279", "year": "(2009)"},
{"name": "\u5c0f\u978b\u5b50 \u0628\u0686\u0647\u0647\u0627\u06cc \u0622\u0633\u0645\u0627\u0646", "classification": "\u5267\u60c5", "image_urls": ["https://img3.doubanio.com/view/movie_poster_cover/spst/public/p2173580603.jpg"], "director": "\u9a6c\u57fa\u5fb7\u00b7\u9a6c\u57fa\u8fea", "score": "9.1", "actor": "Amir Farrokh Hashemian", "year": "(1997)"},
{"name": "\u8774\u8776\u6548\u5e94 The Butterfly Effect", "classification": "\u5267\u60c5", "image_urls": ["https://img1.doubanio.com/view/movie_poster_cover/spst/public/p793653648.jpg"], "director": "\u57c3\u91cc\u514b\u00b7\u5e03\u96f7\u65af", "score": "8.7", "actor": "\u963f\u4ec0\u987f\u00b7\u5e93\u5f7b", "year": "(2004)"},
{"name": "\u4f4e\u4fd7\u5c0f\u8bf4 Pulp Fiction", "classification": "\u5267\u60c5", "image_urls": ["https://img3.doubanio.com/view/movie_poster_cover/spst/public/p1910902213.jpg"], "director": "\u6606\u6c40\u00b7\u5854\u4f26\u8482\u8bfa", "score": "8.7", "actor": "\u7ea6\u7ff0\u00b7\u7279\u62c9\u6c83\u5c14\u5854", "year": "(1994)"},
{"name": "\u5165\u6b93\u5e08 \u304a\u304f\u308a\u3073\u3068", "classification": "\u5267\u60c5", "image_urls": ["https://img1.doubanio.com/view/movie_poster_cover/spst/public/p594972928.jpg"], "director": "\u6cf7\u7530\u6d0b\u4e8c\u90ce", "score": "8.8", "actor": "\u672c\u6728\u96c5\u5f18", "year": "(2008)"},
{"name": "\u97f3\u4e50\u4e4b\u58f0 The Sound of Music", "classification": "\u5267\u60c5", "image_urls": ["https://img1.doubanio.com/view/movie_poster_cover/spst/public/p453788577.jpg"], "director": "\u7f57\u4f2f\u7279\u00b7\u6000\u65af", "score": "8.9", "actor": "\u6731\u8389\u00b7\u5b89\u5fb7\u9c81\u65af", "year": "(1965)"},
{"name": "\u661f\u9645\u7a7f\u8d8a Interstellar", "classification": "\u5267\u60c5", "image_urls": ["https://img3.doubanio.com/view/movie_poster_cover/spst/public/p2206088801.jpg"], "director": "\u514b\u91cc\u65af\u6258\u5f17\u00b7\u8bfa\u5170", "score": "9.1", "actor": "\u9a6c\u4fee\u00b7\u9ea6\u5eb7\u7eb3", "year": "(2014)"},
{"name": "\u81f4\u547d\u9b54\u672f The Prestige", "classification": "\u5267\u60c5", "image_urls": ["https://img3.doubanio.com/view/movie_poster_cover/spst/public/p480383375.jpg"], "director": "\u514b\u91cc\u65af\u6258\u5f17\u00b7\u8bfa\u5170", "score": "8.8", "actor": "\u514b\u91cc\u65af\u8482\u5b89\u00b7\u8d1d\u5c14", "year": "(2006)"},
{"name": "\u6c89\u9ed8\u7684\u7f94\u7f8a The Silence of the Lambs", "classification": "\u5267\u60c5", "image_urls": ["https://img1.doubanio.com/view/movie_poster_cover/spst/public/p1593414327.jpg"], "director": "\u4e54\u7eb3\u68ee\u00b7\u6234\u7c73", "score": "8.7", "actor": "\u6731\u8fea\u00b7\u798f\u65af\u7279", "year": "(1991)"},
{"name": "\u72ee\u5b50\u738b The Lion King", "classification": "\u5267\u60c5", "image_urls": ["https://img1.doubanio.com/view/movie_poster_cover/spst/public/p722758217.jpg"], "director": "\u7f57\u6770\u00b7\u963f\u52d2\u65af", "score": "8.8", "actor": "\u4e54\u7eb3\u68ee\u00b7\u6cf0\u52d2\u00b7\u6258\u9a6c\u65af", "year": "(1994)"},
{"name": "\u7f8e\u56fd\u5f80\u4e8b Once Upon a Time in America", "classification": "\u5267\u60c5", "image_urls": ["https://img1.doubanio.com/view/movie_poster_cover/spst/public/p477229647.jpg"], "director": "\u8d5b\u5c14\u4e54\u00b7\u83b1\u7fc1\u5185", "score": "9.1", "actor": "\u7f57\u4f2f\u7279\u00b7\u5fb7\u5c3c\u7f57", "year": "(1984)"},
{"name": "\u88ab\u5acc\u5f03\u7684\u677e\u5b50\u7684\u4e00\u751f \u5acc\u308f\u308c\u677e\u5b50\u306e\u4e00\u751f", "classification": "\u5267\u60c5", "image_urls": ["https://img1.doubanio.com/view/movie_poster_cover/spst/public/p453723669.jpg"], "director": "\u4e2d\u5c9b\u54f2\u4e5f", "score": "8.9", "actor": "\u4e2d\u8c37\u7f8e\u7eaa", "year": "(2006)"},
{"name": "\u6b7b\u4ea1\u8bd7\u793e Dead Poets Society", "classification": "\u5267\u60c5", "image_urls": ["https://img3.doubanio.com/view/movie_poster_cover/spst/public/p1910824340.jpg"], "director": "\u5f7c\u5f97\u00b7\u5a01\u5c14", "score": "8.9", "actor": "\u7f57\u5bbe\u00b7\u5a01\u5ec9\u59c6\u65af", "year": "(1989)"},
{"name": "\u52c7\u6562\u7684\u5fc3 Braveheart", "classification": "\u5267\u60c5", "image_urls": ["https://img3.doubanio.com/view/movie_poster_cover/spst/public/p1374546770.jpg"], "director": "\u6885\u5c14\u00b7\u5409\u5e03\u68ee", "score": "8.8", "actor": "\u6885\u5c14\u00b7\u5409\u5e03\u68ee", "year": "(1995)"},
{"name": "\u526a\u5200\u624b\u7231\u5fb7\u534e Edward Scissorhands", "classification": "\u5267\u60c5", "image_urls": ["https://img1.doubanio.com/view/movie_poster_cover/spst/public/p480956937.jpg"], "director": "\u8482\u59c6\u00b7\u6ce2\u987f", "score": "8.7", "actor": "\u7ea6\u7ff0\u5c3c\u00b7\u5fb7\u666e", "year": "(1990)"},
{"name": "\u673a\u5668\u4eba\u603b\u52a8\u5458 WALL\u00b7E", "classification": "\u559c\u5267", "image_urls": ["https://img3.doubanio.com/view/movie_poster_cover/spst/public/p449665982.jpg"], "director": "\u5b89\u5fb7\u9c81\u00b7\u65af\u5766\u987f", "score": "9.3", "actor": "\u672c\u00b7\u8d1d\u5c14\u7279", "year": "(2008)"},
{"name": "\u94a2\u7434\u5bb6 The Pianist", "classification": "\u5267\u60c5", "image_urls": ["https://img3.doubanio.com/view/movie_poster_cover/spst/public/p792484461.jpg"], "director": "\u7f57\u66fc\u00b7\u6ce2\u5170\u65af\u57fa", "score": "9.0", "actor": "\u827e\u5fb7\u91cc\u5b89\u00b7\u5e03\u6d1b\u8fea", "year": "(2002)"},
{"name": "\u8f9b\u5fb7\u52d2\u7684\u540d\u5355 Schindler's List", "classification": "\u5267\u60c5", "image_urls": ["https://img3.doubanio.com/view/movie_poster_cover/spst/public/p492406163.jpg"], "director": "\u53f2\u8482\u6587\u00b7\u65af\u76ae\u5c14\u4f2f\u683c", "score": "9.4", "actor": "\u8fde\u59c6\u00b7\u5c3c\u68ee", "year": "(1993)"},
{"name": "\u76d7\u68a6\u7a7a\u95f4 Inception", "classification": "\u5267\u60c5", "image_urls": ["https://img3.doubanio.com/view/movie_poster_cover/spst/public/p513344864.jpg"], "director": "\u514b\u91cc\u65af\u6258\u5f17\u00b7\u8bfa\u5170", "score": "9.2", "actor": "\u83b1\u6602\u7eb3\u591a\u00b7\u8fea\u5361\u666e\u91cc\u5965", "year": "(2010)"},
{"name": "\u6d77\u4e0a\u94a2\u7434\u5e08 La leggenda del pianista sull'oceano", "classification": "\u5267\u60c5", "image_urls": ["https://img1.doubanio.com/view/movie_poster_cover/spst/public/p511146957.jpg"], "director": "\u6731\u585e\u4f69\u00b7\u6258\u7eb3\u591a\u96f7", "score": "9.2", "actor": "\u8482\u59c6\u00b7\u7f57\u65af", "year": "(1998)"},
{"name": "\u5343\u4e0e\u5343\u5bfb \u5343\u3068\u5343\u5c0b\u306e\u795e\u96a0\u3057", "classification": "\u5267\u60c5", "image_urls": ["https://img3.doubanio.com/view/movie_poster_cover/spst/public/p1910830216.jpg"], "director": "\u5bab\u5d0e\u9a8f", "score": "9.2", "actor": "\u67ca\u7460\u7f8e", "year": "(2001)"},
{"name": "\u7f8e\u4e3d\u4eba\u751f La vita \u00e8 bella", "classification": "\u5267\u60c5", "image_urls": ["https://img3.doubanio.com/view/movie_poster_cover/spst/public/p510861873.jpg"], "director": "\u7f57\u4f2f\u6258\u00b7\u8d1d\u5c3c\u5c3c", "score": "9.5", "actor": "\u7f57\u4f2f\u6258\u00b7\u8d1d\u5c3c\u5c3c", "year": "(1997)"},
{"name": "\u9738\u738b\u522b\u59ec", "classification": "\u5267\u60c5", "image_urls": ["https://img3.doubanio.com/view/movie_poster_cover/spst/public/p1910813120.jpg"], "director": "\u9648\u51ef\u6b4c", "score": "9.4", "actor": "\u5f20\u56fd\u8363", "year": "(1993)"},
{"name": "\u8096\u7533\u514b\u7684\u6551\u8d4e The Shawshank Redemption", "classification": "\u5267\u60c5", "image_urls": ["https://img3.doubanio.com/view/movie_poster_cover/spst/public/p480747492.jpg"], "director": "\u5f17\u5170\u514b\u00b7\u5fb7\u62c9\u90a6\u7279", "score": "9.6", "actor": "\u8482\u59c6\u00b7\u7f57\u5bbe\u65af", "year": "(1994)"},
{"name": "\u8fd9\u4e2a\u6740\u624b\u4e0d\u592a\u51b7 L\u00e9on", "classification": "\u5267\u60c5", "image_urls": ["https://img3.doubanio.com/view/movie_poster_cover/spst/public/p511118051.jpg"], "director": "\u5415\u514b\u00b7\u8d1d\u677e", "score": "9.4", "actor": "\u8ba9\u00b7\u96f7\u8bfa", "year": "(1994)"},
{"name": "\u963f\u7518\u6b63\u4f20 Forrest Gump", "classification": "\u5267\u60c5", "image_urls": ["https://img1.doubanio.com/view/movie_poster_cover/spst/public/p510876377.jpg"], "director": "\u7f57\u4f2f\u7279\u00b7\u6cfd\u7c73\u5409\u65af", "score": "9.4", "actor": "\u6c64\u59c6\u00b7\u6c49\u514b\u65af", "year": "(1994)"},
{"name": "\u672a\u9ebb\u7684\u90e8\u5c4b Perfect Blue", "classification": "\u52a8\u753b", "image_urls": ["https://img3.doubanio.com/view/movie_poster_cover/spst/public/p1351050722.jpg"], "director": "\u4eca\u654f", "score": "8.7", "actor": "\u5ca9\u7537\u6da6\u5b50", "year": "(1997)"},
{"name": "\u5927\u536b\u00b7\u6208\u5c14\u7684\u4e00\u751f The Life of David Gale", "classification": "\u5267\u60c5", "image_urls": ["https://img1.doubanio.com/view/movie_poster_cover/spst/public/p2186861098.jpg"], "director": "\u827e\u4f26\u00b7\u5e15\u514b", "score": "8.7", "actor": "\u51ef\u6587\u00b7\u53f2\u6d3e\u897f", "year": "(2003)"},
{"name": "\u6211\u5728\u4f0a\u6717\u957f\u5927 Persepolis", "classification": "\u5267\u60c5", "image_urls": ["https://img1.doubanio.com/view/movie_poster_cover/spst/public/p1486953897.jpg"], "director": "\u6587\u68ee\u7279\u00b7\u5e15\u5170\u5fb7", "score": "8.7", "actor": "\u57fa\u5a05\u62c9\u00b7\u9a6c\u65af\u7279\u6d1b\u4e9a\u5c3c", "year": "(2007)"},
{"name": "\u56fd\u738b\u7684\u6f14\u8bb2 The King's Speech", "classification": "\u5267\u60c5", "image_urls": ["https://img1.doubanio.com/view/movie_poster_cover/spst/public/p768879237.jpg"], "director": "\u6c64\u59c6\u00b7\u970d\u73c0", "score": "8.3", "actor": "\u79d1\u6797\u00b7\u8d39\u5c14\u65af", "year": "(2010)"},
{"name": "\u726f\u5cad\u8857\u5c11\u5e74\u6740\u4eba\u4e8b\u4ef6 \u726f\u5dba\u8857\u5c11\u5e74\u6bba\u4eba\u4e8b\u4ef6", "classification": "\u5267\u60c5", "image_urls": ["https://img3.doubanio.com/view/movie_poster_cover/spst/public/p848381236.jpg"], "director": "\u6768\u5fb7\u660c", "score": "8.6", "actor": "\u5f20\u9707", "year": "(1991)"},
{"name": "\u6d1b\u57ce\u673a\u5bc6 L.A. Confidential", "classification": "\u5267\u60c5", "image_urls": ["https://img3.doubanio.com/view/movie_poster_cover/spst/public/p2268612953.jpg"], "director": "\u67ef\u8482\u65af\u00b7\u6c49\u68ee", "score": "8.6", "actor": "\u51ef\u6587\u00b7\u53f2\u6d3e\u897f", "year": "(1997)"},
{"name": "\u559c\u5267\u4e4b\u738b \u559c\u5287\u4e4b\u738b", "classification": "\u5267\u60c5", "image_urls": ["https://img3.doubanio.com/view/movie_poster_cover/spst/public/p1043597424.jpg"], "director": "\u5468\u661f\u9a70", "score": "8.3", "actor": "\u5468\u661f\u9a70", "year": "(1999)"},
{"name": "\u84dd\u8272\u5927\u95e8 \u85cd\u8272\u5927\u9580", "classification": "\u5267\u60c5", "image_urls": ["https://img3.doubanio.com/view/movie_poster_cover/spst/public/p584822570.jpg"], "director": "\u6613\u667a\u8a00", "score": "8.2", "actor": "\u6842\u7eb6\u9541", "year": "(2002)"},
{"name": "\u5fe0\u72ac\u516b\u516c\u7269\u8bed \u30cf\u30c1\u516c\u7269\u8a9e", "classification": "\u5267\u60c5", "image_urls": ["https://img3.doubanio.com/view/movie_poster_cover/spst/public/p1576418852.jpg"], "director": "\u795e\u5c71\u5f81\u4e8c\u90ce", "score": "9.0", "actor": "\u5c71\u672c\u572d", "year": "(1987)"},
{"name": "\u8424\u706b\u4e4b\u68ee \u86cd\u706b\u306e\u675c\u3078", "classification": "\u5267\u60c5", "image_urls": ["https://img1.doubanio.com/view/movie_poster_cover/spst/public/p1272904657.jpg"], "director": "\u5927\u68ee\u8d35\u5f18", "score": "8.8", "actor": "\u4f50\u4ed3\u7eeb\u97f3", "year": "(2011)"},
{"name": "\u5fc3\u8ff7\u5bab", "classification": "\u5267\u60c5", "image_urls": ["https://img3.doubanio.com/view/movie_poster_cover/spst/public/p2275298525.jpg"], "director": "\u5ffb\u94b0\u5764", "score": "8.6", "actor": "\u970d\u536b\u6c11", "year": "(2014)"},
{"name": "\u4fa7\u8033\u503e\u542c \u8033\u3092\u3059\u307e\u305b\u3070", "classification": "\u5267\u60c5", "image_urls": ["https://img3.doubanio.com/view/movie_poster_cover/spst/public/p456692072.jpg"], "director": "\u8fd1\u85e4\u559c\u6587", "score": "8.8", "actor": "\u672c\u540d\u9633\u5b50", "year": "(1995)"},
{"name": "\u53d1\u6761\u6a59 A Clockwork Orange", "classification": "\u5267\u60c5", "image_urls": ["https://img3.doubanio.com/view/movie_poster_cover/spst/public/p529908155.jpg"], "director": "\u65af\u5766\u5229\u00b7\u5e93\u5e03\u91cc\u514b", "score": "8.4", "actor": "\u9a6c\u5c14\u79d1\u59c6\u00b7\u9ea6\u514b\u9053\u5a01\u5c14", "year": "(1971)"},
{"name": "\u6d77\u6d0b Oc\u00e9ans", "classification": "\u7eaa\u5f55\u7247", "image_urls": ["https://img3.doubanio.com/view/movie_poster_cover/spst/public/p497010372.jpg"], "director": "\u96c5\u514b\u00b7\u8d1d\u6c49", "score": "9.0", "actor": "\u76ae\u5c14\u65af\u00b7\u5e03\u9c81\u65af\u5357", "year": "(2009)"},
{"name": "\u7eb5\u6a2a\u56db\u6d77 \u7dc3\u6a2a\u56db\u6d77", "classification": "\u5267\u60c5", "image_urls": ["https://img1.doubanio.com/view/movie_poster_cover/spst/public/p933122297.jpg"], "director": "\u5434\u5b87\u68ee", "score": "8.7", "actor": "\u5468\u6da6\u53d1", "year": "(1991)"},
{"name": "\u71c3\u60c5\u5c81\u6708 Legends of the Fall", "classification": "\u5267\u60c5", "image_urls": ["https://img1.doubanio.com/view/movie_poster_cover/spst/public/p1023654037.jpg"], "director": "\u7231\u5fb7\u534e\u00b7\u5179\u5a01\u514b", "score": "8.8", "actor": "\u5b89\u4e1c\u5c3c\u00b7\u970d\u666e\u91d1\u65af", "year": "(1994)"},
{"name": "\u7231\u5728\u65e5\u843d\u9ec4\u660f\u65f6 Before Sunset", "classification": "\u5267\u60c5", "image_urls": ["https://img3.doubanio.com/view/movie_poster_cover/spst/public/p1910924055.jpg"], "director": "\u7406\u67e5\u5fb7\u00b7\u6797\u514b\u83b1\u7279", "score": "8.7", "actor": "\u4f0a\u6851\u00b7\u970d\u514b", "year": "(2004)"},
{"name": "\u9a6f\u9f99\u9ad8\u624b How to Train Your Dragon", "classification": "\u559c\u5267", "image_urls": ["https://img1.doubanio.com/view/movie_poster_cover/spst/public/p450042258.jpg"], "director": "\u8fea\u6069\u00b7\u5fb7\u5e03\u6d1b\u65af", "score": "8.7", "actor": "\u6770\u4f0a\u00b7\u5df4\u9c81\u5207\u5c14", "year": "(2010)"},
{"name": "\u4e00\u4e00", "classification": "\u5267\u60c5", "image_urls": ["https://img1.doubanio.com/view/movie_poster_cover/spst/public/p2119675128.jpg"], "director": "\u6768\u5fb7\u660c", "score": "8.8", "actor": "\u5434\u5ff5\u771f", "year": "(2000)"},
{"name": "\u7d20\u5a9b \uc18c\uc6d0", "classification": "\u5267\u60c5", "image_urls": ["https://img3.doubanio.com/view/movie_poster_cover/spst/public/p2118532944.jpg"], "director": "\u674e\u6fec\u76ca", "score": "9.1", "actor": "\u859b\u666f\u6c42", "year": "(2013)"},
{"name": "\u8fbe\u62c9\u65af\u4e70\u5bb6\u4ff1\u4e50\u90e8 Dallas Buyers Club", "classification": "\u5267\u60c5", "image_urls": ["https://img1.doubanio.com/view/movie_poster_cover/spst/public/p2166160837.jpg"], "director": "\u8ba9-\u9a6c\u514b\u00b7\u74e6\u96f7", "score": "8.6", "actor": "\u9a6c\u4fee\u00b7\u9ea6\u5eb7\u7eb3", "year": "(2013)"},
{"name": "\u98ce\u4e4b\u8c37 \u98a8\u306e\u8c37\u306e\u30ca\u30a6\u30b7\u30ab", "classification": "\u79d1\u5e7b", "image_urls": ["https://img3.doubanio.com/view/movie_poster_cover/spst/public/p1917567652.jpg"], "director": "\u5bab\u5d0e\u9a8f", "score": "8.8", "actor": "\u5c9b\u672c\u987b\u7f8e", "year": "(1984)"},
{"name": "\u963f\u51e1\u8fbe Avatar", "classification": "\u52a8\u4f5c", "image_urls": ["https://img3.doubanio.com/view/movie_poster_cover/spst/public/p1204213484.jpg"], "director": "\u8a79\u59c6\u65af\u00b7\u5361\u6885\u9686", "score": "8.6", "actor": "\u8428\u59c6\u00b7\u6c83\u8f9b\u987f", "year": "(2009)"},
{"name": "\u7231\u5728\u9ece\u660e\u7834\u6653\u524d Before Sunrise", "classification": "\u5267\u60c5", "image_urls": ["https://img3.doubanio.com/view/movie_poster_cover/spst/public/p1486234122.jpg"], "director": "\u7406\u67e5\u5fb7\u00b7\u6797\u514b\u83b1\u7279", "score": "8.7", "actor": "\u4f0a\u6851\u00b7\u970d\u514b", "year": "(1995)"},
{"name": "\u52a0\u52d2\u6bd4\u6d77\u76d7 Pirates of the Caribbean: The Curse of the Black Pearl", "classification": "\u52a8\u4f5c", "image_urls": ["https://img3.doubanio.com/view/movie_poster_cover/spst/public/p1596085504.jpg"], "director": "\u6208\u5c14\u00b7\u7ef4\u5bbe\u65af\u57fa", "score": "8.6", "actor": "\u7ea6\u7ff0\u5c3c\u00b7\u5fb7\u666e", "year": "(2003)"},
{"name": "\u81f4\u547dID Identity", "classification": "\u5267\u60c5", "image_urls": ["https://img3.doubanio.com/view/movie_poster_cover/spst/public/p453720880.jpg"], "director": "\u8a79\u59c6\u65af\u00b7\u66fc\u9ad8\u5fb7", "score": "8.6", "actor": "\u7ea6\u7ff0\u00b7\u5e93\u8428\u514b", "year": "(2003)"},
{"name": "\u751c\u871c\u871c", "classification": "\u5267\u60c5", "image_urls": ["https://img3.doubanio.com/view/movie_poster_cover/spst/public/p2223011274.jpg"], "director": "\u9648\u53ef\u8f9b", "score": "8.7", "actor": "\u9ece\u660e", "year": "(1996)"},
{"name": "\u7981\u95ed\u5c9b Shutter Island", "classification": "\u5267\u60c5", "image_urls": ["https://img1.doubanio.com/view/movie_poster_cover/spst/public/p1832875827.jpg"], "director": "\u9a6c\u4e01\u00b7\u65af\u79d1\u585e\u65af", "score": "8.6", "actor": "\u83b1\u6602\u7eb3\u591a\u00b7\u8fea\u5361\u666e\u91cc\u5965", "year": "(2010)"},
{"name": "\u544a\u767d", "classification": "\u5267\u60c5", "image_urls": ["https://img3.doubanio.com/view/movie_poster_cover/spst/public/p689520756.jpg"], "director": "\u4e2d\u5c9b\u54f2\u4e5f", "score": "8.6", "actor": "\u677e\u9686\u5b50", "year": "(2010)"},
{"name": "\u6625\u5149\u4e4d\u6cc4 \u6625\u5149\u4e4d\u6d29", "classification": "\u5267\u60c5", "image_urls": ["https://img3.doubanio.com/view/movie_poster_cover/spst/public/p465939041.jpg"], "director": "\u738b\u5bb6\u536b", "score": "8.7", "actor": "\u6881\u671d\u4f1f", "year": "(1997)"},
{"name": "\u63a7\u65b9\u8bc1\u4eba Witness for the Prosecution", "classification": "\u5267\u60c5", "image_urls": ["https://img1.doubanio.com/view/movie_poster_cover/spst/public/p1505392928.jpg"], "director": "\u6bd4\u5229\u00b7\u6000\u5fb7", "score": "9.5", "actor": "\u6cf0\u9686\u00b7\u9c8d\u534e", "year": "(1957)"},
{"name": "\u91cd\u5e86\u68ee\u6797 \u91cd\u6176\u68ee\u6797", "classification": "\u5267\u60c5", "image_urls": ["https://img1.doubanio.com/view/movie_poster_cover/spst/public/p2276728977.jpg"], "director": "\u738b\u5bb6\u536b", "score": "8.6", "actor": "\u6797\u9752\u971e", "year": "(1994)"},
{"name": "\u8424\u706b\u866b\u4e4b\u5893 \u706b\u5782\u308b\u306e\u5893", "classification": "\u5267\u60c5", "image_urls": ["https://img1.doubanio.com/view/movie_poster_cover/spst/public/p1157334208.jpg"], "director": "\u9ad8\u7551\u52cb", "score": "8.7", "actor": "\u8fb0\u5df1\u52aa", "year": "(1988)"},
{"name": "\u5927\u95f9\u5929\u5bab", "classification": "\u52a8\u753b", "image_urls": ["https://img1.doubanio.com/view/movie_poster_cover/spst/public/p2184505167.jpg"], "director": "\u4e07\u7c41\u9e23", "score": "9.2", "actor": "\u90b1\u5cb3\u5cf0", "year": "(1961)"},
{"name": "\u4e0a\u5e1d\u4e4b\u57ce Cidade de Deus", "classification": "\u5267\u60c5", "image_urls": ["https://img3.doubanio.com/view/movie_poster_cover/spst/public/p455677490.jpg"], "director": "\u5361\u8fea\u4e9a\u00b7\u5170\u5fb7", "score": "8.9", "actor": "\u4e9a\u5386\u6851\u5fb7\u96f7\u00b7\u7f57\u5fb7\u91cc\u683c\u65af", "year": "(2002)"},
{"name": "\u9633\u5149\u707f\u70c2\u7684\u65e5\u5b50", "classification": "\u5267\u60c5", "image_urls": ["https://img1.doubanio.com/view/movie_poster_cover/spst/public/p967457079.jpg"], "director": "\u59dc\u6587", "score": "8.7", "actor": "\u590f\u96e8", "year": "(1994)"},
{"name": "\u5c04\u96d5\u82f1\u96c4\u4f20\u4e4b\u4e1c\u6210\u897f\u5c31 \u5c04\u9d70\u82f1\u96c4\u50b3\u4e4b\u6771\u6210\u897f\u5c31", "classification": "\u559c\u5267", "image_urls": ["https://img3.doubanio.com/view/movie_poster_cover/spst/public/p1993903133.jpg"], "director": "\u5218\u9547\u4f1f", "score": "8.7", "actor": "\u6881\u671d\u4f1f", "year": "(1993)"},
{"name": "\u8ba9\u5b50\u5f39\u98de", "classification": "\u5267\u60c5", "image_urls": ["https://img1.doubanio.com/view/movie_poster_cover/spst/public/p1512562287.jpg"], "director": "\u59dc\u6587", "score": "8.7", "actor": "\u59dc\u6587", "year": "(2010)"},
{"name": "\u82f1\u56fd\u75c5\u4eba The English Patient", "classification": "\u5267\u60c5", "image_urls": ["https://img3.doubanio.com/view/movie_poster_cover/spst/public/p453791074.jpg"], "director": "\u5b89\u4e1c\u5c3c\u00b7\u660e\u683c\u62c9", "score": "8.4", "actor": "\u62c9\u5c14\u592b\u00b7\u8d39\u56e0\u65af", "year": "(1996)"},
{"name": "\u5fc3\u7075\u6355\u624b Good Will Hunting", "classification": "\u5267\u60c5", "image_urls": ["https://img3.doubanio.com/view/movie_poster_cover/spst/public/p480965695.jpg"], "director": "\u683c\u65af\u00b7\u8303\u00b7\u6851\u7279", "score": "8.7", "actor": "\u9a6c\u7279\u00b7\u8fbe\u8499", "year": "(1997)"},
{"name": "\u8c0d\u5f71\u91cd\u91cd2 The Bourne Supremacy", "classification": "\u52a8\u4f5c", "image_urls": ["https://img3.doubanio.com/view/movie_poster_cover/spst/public/p667644866.jpg"], "director": "\u4fdd\u7f57\u00b7\u683c\u6797\u683c\u62c9\u65af", "score": "8.5", "actor": "\u9a6c\u7279\u00b7\u8fbe\u8499", "year": "(2004)"},
{"name": "\u53eb\u6211\u7b2c\u4e00\u540d Front of the Class", "classification": "\u5267\u60c5", "image_urls": ["https://img1.doubanio.com/view/movie_poster_cover/spst/public/p628364149.jpg"], "director": "\u5f7c\u5f97\u00b7\u6c83\u7eb3", "score": "8.6", "actor": "\u8a79\u59c6\u65af\u00b7\u6c83\u514b", "year": "(2008)"},
{"name": "\u9633\u5149\u59d0\u59b9\u6dd8 \uc368\ub2c8", "classification": "\u5267\u60c5", "image_urls": ["https://img1.doubanio.com/view/movie_poster_cover/spst/public/p1374786017.jpg"], "director": "\u59dc\u70af\u54f2", "score": "8.8", "actor": "\u6c88\u6069\u4eac", "year": "(2011)"},
{"name": "\u5361\u8428\u5e03\u5170\u5361 Casablanca", "classification": "\u5267\u60c5", "image_urls": ["https://img3.doubanio.com/view/movie_poster_cover/spst/public/p1244791866.jpg"], "director": "\u8fc8\u514b\u5c14\u00b7\u67ef\u8482\u65af", "score": "8.6", "actor": "\u4ea8\u5f17\u83b1\u00b7\u9c8d\u5609", "year": "(1942)"},
{"name": "\u52c7\u95ef\u593a\u547d\u5c9b The Rock", "classification": "\u52a8\u4f5c", "image_urls": ["https://img3.doubanio.com/view/movie_poster_cover/spst/public/p1483586933.jpg"], "director": "\u8fc8\u514b\u5c14\u00b7\u8d1d", "score": "8.5", "actor": "\u8096\u6069\u00b7\u5eb7\u7eb3\u5229", "year": "(1996)"},
{"name": "\u5730\u7403\u4e0a\u7684\u661f\u661f Taare Zameen Par", "classification": "\u5267\u60c5", "image_urls": ["https://img3.doubanio.com/view/movie_poster_cover/spst/public/p1973489335.jpg"], "director": "\u963f\u7c73\u5c14\u00b7\u6c57", "score": "8.8", "actor": "\u8fbe\u5e2d\u5c14\u00b7\u8428\u6cd5\u745e", "year": "(2007)"},
{"name": "\u8c0d\u5f71\u91cd\u91cd The Bourne Identity", "classification": "\u52a8\u4f5c", "image_urls": ["https://img3.doubanio.com/view/movie_poster_cover/spst/public/p1597183981.jpg"], "director": "\u9053\u683c\u00b7\u91cc\u66fc", "score": "8.5", "actor": "\u9a6c\u7279\u00b7\u8fbe\u8499", "year": "(2002)"},
{"name": "\u4e00\u6b21\u522b\u79bb \u062c\u062f\u0627\u06cc\u06cc \u0646\u0627\u062f\u0631 \u0627\u0632 \u0633\u06cc\u0645\u06cc\u0646", "classification": "\u5267\u60c5", "image_urls": ["https://img3.doubanio.com/view/movie_poster_cover/spst/public/p2189835254.jpg"], "director": "\u963f\u65af\u54c8\u00b7\u6cd5\u54c8\u8482", "score": "8.7", "actor": "\u857e\u62c9\u00b7\u54c8\u5854\u7c73", "year": "(2011)"},
{"name": "\u71d5\u5c3e\u8776 \u30b9\u30ef\u30ed\u30a6\u30c6\u30a4\u30eb", "classification": "\u5267\u60c5", "image_urls": ["https://img3.doubanio.com/view/movie_poster_cover/spst/public/p532195562.jpg"], "director": "\u5ca9\u4e95\u4fca\u4e8c", "score": "8.7", "actor": "\u4e09\u4e0a\u535a\u53f2", "year": "(1996)"},
{"name": "\u7eff\u91cc\u5947\u8ff9 The Green Mile", "classification": "\u5267\u60c5", "image_urls": ["https://img3.doubanio.com/view/movie_poster_cover/spst/public/p767586451.jpg"], "director": "\u5f17\u5170\u514b\u00b7\u5fb7\u62c9\u90a6\u7279", "score": "8.7", "actor": "\u6c64\u59c6\u00b7\u6c49\u514b\u65af", "year": "(1999)"},
{"name": "\u7f57\u751f\u95e8 \u7f85\u751f\u9580", "classification": "\u5267\u60c5", "image_urls": ["https://img1.doubanio.com/view/movie_poster_cover/spst/public/p1864872647.jpg"], "director": "\u9ed1\u6cfd\u660e", "score": "8.7", "actor": "\u4e09\u8239\u654f\u90ce", "year": "(1950)"},
{"name": "7\u53f7\u623f\u7684\u793c\u7269 7\ubc88\ubc29\uc758 \uc120\ubb3c", "classification": "\u5267\u60c5", "image_urls": ["https://img3.doubanio.com/view/movie_poster_cover/spst/public/p1816276065.jpg"], "director": "\u674e\u7115\u5e86", "score": "8.7", "actor": "\u67f3\u627f\u9f99", "year": "(2013)"},
{"name": "\u8352\u91ce\u751f\u5b58 Into the Wild", "classification": "\u5267\u60c5", "image_urls": ["https://img1.doubanio.com/view/movie_poster_cover/spst/public/p465687407.jpg"], "director": "\u897f\u6069\u00b7\u6f58", "score": "8.7", "actor": "\u57c3\u7c73\u5c14\u00b7\u8d6b\u65af\u57fa", "year": "(2007)"},
{"name": "\u68a6\u4e4b\u5b89\u9b42\u66f2 Requiem for a Dream", "classification": "\u5267\u60c5", "image_urls": ["https://img3.doubanio.com/view/movie_poster_cover/spst/public/p884936202.jpg"], "director": "\u8fbe\u4f26\u00b7\u963f\u4f26\u8bfa\u592b\u65af\u57fa", "score": "8.7", "actor": "\u827e\u4f26\u00b7\u4f2f\u65af\u6c40", "year": "(2000)"},
{"name": "\u6218\u4e89\u4e4b\u738b Lord of War", "classification": "\u5267\u60c5", "image_urls": ["https://img3.doubanio.com/view/movie_poster_cover/spst/public/p453719066.jpg"], "director": "\u5b89\u5fb7\u9c81\u00b7\u5c3c\u79d1\u5c14", "score": "8.5", "actor": "\u5c3c\u53e4\u62c9\u65af\u00b7\u51ef\u5947", "year": "(2005)"},
{"name": "\u9b42\u65ad\u84dd\u6865 Waterloo Bridge", "classification": "\u5267\u60c5", "image_urls": ["https://img3.doubanio.com/view/movie_poster_cover/spst/public/p2253342636.jpg"], "director": "\u8302\u6587\u00b7\u52d2\u9c81\u74e6", "score": "8.8", "actor": "\u8d39\u96ef\u00b7\u4e3d", "year": "(1940)"},
{"name": "\u8fc1\u5f99\u7684\u9e1f Le peuple migrateur", "classification": "\u7eaa\u5f55\u7247", "image_urls": ["https://img1.doubanio.com/view/movie_poster_cover/spst/public/p2238274168.jpg"], "director": "\u96c5\u514b\u00b7\u8d1d\u6c49", "score": "9.1", "actor": "Philippe Labro", "year": "(2001)"},
{"name": "\u6717\u8bfb\u8005 The Reader", "classification": "\u5267\u60c5", "image_urls": ["https://img1.doubanio.com/view/movie_poster_cover/spst/public/p1140984198.jpg"], "director": "\u53f2\u8482\u82ac\u00b7\u6234\u5fb7\u5229", "score": "8.5", "actor": "\u51ef\u7279\u00b7\u6e29\u4e1d\u83b1\u7279", "year": "(2008)"},
{"name": "\u7a7f\u8d8a\u65f6\u7a7a\u7684\u5c11\u5973 \u6642\u3092\u304b\u3051\u308b\u5c11\u5973", "classification": "\u5267\u60c5", "image_urls": ["https://img3.doubanio.com/view/movie_poster_cover/spst/public/p2079334286.jpg"], "director": "\u7ec6\u7530\u5b88", "score": "8.7", "actor": "\u4ef2\u91cc\u4f9d\u7eb1", "year": "(2006)"},
{"name": "\u54c8\u5229\u00b7\u6ce2\u7279\u4e0e\u6b7b\u4ea1\u5723\u5668(\u4e0b) Harry Potter and the Deathly Hallows: Part 2", "classification": "\u5267\u60c5", "image_urls": ["https://img3.doubanio.com/view/movie_poster_cover/spst/public/p917846733.jpg"], "director": "\u5927\u536b\u00b7\u53f6\u8328", "score": "8.6", "actor": "\u4e39\u5c3c\u5c14\u00b7\u96f7\u5fb7\u514b\u91cc\u592b", "year": "(2011)"},
{"name": "\u604b\u604b\u7b14\u8bb0\u672c The Notebook", "classification": "\u5267\u60c5", "image_urls": ["https://img3.doubanio.com/view/movie_poster_cover/spst/public/p483604864.jpg"], "director": "\u5c3c\u514b\u00b7\u5361\u7d22\u7ef4\u8328", "score": "8.5", "actor": "\u745e\u6069\u00b7\u9ad8\u65af\u6797", "year": "(2004)"},
{"name": "\u8bb0\u5fc6\u788e\u7247 Memento", "classification": "\u5267\u60c5", "image_urls": ["https://img3.doubanio.com/view/movie_poster_cover/spst/public/p641688453.jpg"], "director": "\u514b\u91cc\u65af\u6258\u5f17\u00b7\u8bfa\u5170", "score": "8.5", "actor": "\u76d6\u00b7\u76ae\u5c14\u65af", "year": "(2000)"},
{"name": "\u5029\u5973\u5e7d\u9b42", "classification": "\u5267\u60c5", "image_urls": ["https://img3.doubanio.com/view/movie_poster_cover/spst/public/p2270088353.jpg"], "director": "\u7a0b\u5c0f\u4e1c", "score": "8.5", "actor": "\u5f20\u56fd\u8363", "year": "(1987)"},
{"name": "\u8c0d\u5f71\u91cd\u91cd3 The Bourne Ultimatum", "classification": "\u52a8\u4f5c", "image_urls": ["https://img1.doubanio.com/view/movie_poster_cover/spst/public/p792223507.jpg"], "director": "\u4fdd\u7f57\u00b7\u683c\u6797\u683c\u62c9\u65af", "score": "8.7", "actor": "\u9a6c\u7279\u00b7\u8fbe\u8499", "year": "(2007)"},
{"name": "\u72e9\u730e Jagten", "classification": "\u5267\u60c5", "image_urls": ["https://img1.doubanio.com/view/movie_poster_cover/spst/public/p1546987967.jpg"], "director": "\u6258\u9a6c\u65af\u00b7\u6e29\u7279\u4f2f\u683c", "score": "9.0", "actor": "\u9ea6\u65af\u00b7\u7c73\u79d1\u5c14\u68ee", "year": "(2012)"},
{"name": "\u8d2b\u6c11\u7a9f\u7684\u767e\u4e07\u5bcc\u7fc1 Slumdog Millionaire", "classification": "\u5267\u60c5", "image_urls": ["https://img1.doubanio.com/view/movie_poster_cover/spst/public/p470476887.jpg"], "director": "\u4e39\u5c3c\u00b7\u535a\u4f0a\u5c14", "score": "8.5", "actor": "\u6234\u592b\u00b7\u5e15\u7279\u5c14", "year": "(2008)"},
{"name": "\u75af\u72c2\u539f\u59cb\u4eba The Croods", "classification": "\u559c\u5267", "image_urls": ["https://img1.doubanio.com/view/movie_poster_cover/spst/public/p1867084027.jpg"], "director": "\u67ef\u514b\u00b7\u5fb7\u00b7\u7c73\u79d1", "score": "8.8", "actor": "\u5c3c\u53e4\u62c9\u65af\u00b7\u51ef\u5947", "year": "(2013)"},
{"name": "\u5c81\u6708\u795e\u5077 \u6b72\u6708\u795e\u5077", "classification": "\u5267\u60c5", "image_urls": ["https://img3.doubanio.com/view/movie_poster_cover/spst/public/p517829051.jpg"], "director": "\u7f57\u542f\u9510", "score": "8.6", "actor": "\u5434\u541b\u5982", "year": "(2010)"},
{"name": "\u96e8\u4eba Rain Man", "classification": "\u5267\u60c5", "image_urls": ["https://img3.doubanio.com/view/movie_poster_cover/spst/public/p942376281.jpg"], "director": "\u5df4\u745e\u00b7\u83b1\u6587\u68ee", "score": "8.6", "actor": "\u8fbe\u65af\u6c40\u00b7\u970d\u592b\u66fc", "year": "(1988)"},
{"name": "\u4e1c\u90aa\u897f\u6bd2 \u6771\u90aa\u897f\u6bd2", "classification": "\u5267\u60c5", "image_urls": ["https://img3.doubanio.com/view/movie_poster_cover/spst/public/p1982176012.jpg"], "director": "\u738b\u5bb6\u536b", "score": "8.5", "actor": "\u5f20\u56fd\u8363", "year": "(1994)"},
{"name": "\u501f\u4e1c\u897f\u7684\u5c0f\u4eba\u963f\u8389\u57c3\u8482 \u501f\u308a\u3050\u3089\u3057\u306e\u30a2\u30ea\u30a8\u30c3\u30c6\u30a3", "classification": "\u52a8\u753b", "image_urls": ["https://img3.doubanio.com/view/movie_poster_cover/spst/public/p617533616.jpg"], "director": "\u7c73\u6797\u5b8f\u660c", "score": "8.7", "actor": "\u5fd7\u7530\u672a\u6765", "year": "(2010)"},
{"name": "\u6469\u767b\u65f6\u4ee3 Modern Times", "classification": "\u5267\u60c5", "image_urls": ["https://img3.doubanio.com/view/movie_poster_cover/spst/public/p2173707976.jpg"], "director": "\u67e5\u7406\u00b7\u5353\u522b\u6797", "score": "9.1", "actor": "\u67e5\u7406\u00b7\u5353\u522b\u6797", "year": "(1936)"},
{"name": "\u8d85\u8131 Detachment", "classification": "\u5267\u60c5", "image_urls": ["https://img3.doubanio.com/view/movie_poster_cover/spst/public/p1305562621.jpg"], "director": "\u6258\u5c3c\u00b7\u51ef\u8036", "score": "8.7", "actor": "\u827e\u5fb7\u91cc\u5b89\u00b7\u5e03\u6d1b\u8fea", "year": "(2011)"},
{"name": "\u83ca\u6b21\u90ce\u7684\u590f\u5929 \u83ca\u6b21\u90ce\u306e\u590f", "classification": "\u5267\u60c5", "image_urls": ["https://img3.doubanio.com/view/movie_poster_cover/spst/public/p751835224.jpg"], "director": "\u5317\u91ce\u6b66", "score": "8.7", "actor": "\u5317\u91ce\u6b66", "year": "(1999)"},
{"name": "\u5e03\u8fbe\u4f69\u65af\u5927\u996d\u5e97 The Grand Budapest Hotel", "classification": "\u5267\u60c5", "image_urls": ["https://img3.doubanio.com/view/movie_poster_cover/spst/public/p2178872593.jpg"], "director": "\u97e6\u65af\u00b7\u5b89\u5fb7\u68ee", "score": "8.7", "actor": "\u62c9\u5c14\u592b\u00b7\u8d39\u56e0\u65af", "year": "(2014)"},
{"name": "\u771f\u7231\u81f3\u4e0a Love Actually", "classification": "\u5267\u60c5", "image_urls": ["https://img3.doubanio.com/view/movie_poster_cover/spst/public/p475600770.jpg"], "director": "\u7406\u67e5\u5fb7\u00b7\u67ef\u8482\u65af", "score": "8.5", "actor": "\u4f11\u00b7\u683c\u5170\u7279", "year": "(2003)"},
{"name": "\u795e\u5077\u5976\u7238 Despicable Me", "classification": "\u559c\u5267", "image_urls": ["https://img1.doubanio.com/view/movie_poster_cover/spst/public/p792776858.jpg"], "director": "\u76ae\u827e\u5c14\u00b7\u67ef\u82ac", "score": "8.5", "actor": "\u53f2\u8482\u592b\u00b7\u5361\u745e\u5c14", "year": "(2010)"},
{"name": "\u864e\u53e3\u8131\u9669 La grande vadrouille", "classification": "\u559c\u5267", "image_urls": ["https://img1.doubanio.com/view/movie_poster_cover/spst/public/p2173634628.jpg"], "director": "\u6770\u62c9\u5c14\u00b7\u4e4c\u91cc", "score": "8.9", "actor": "\u8def\u6613\u00b7\u5fb7\u00b7\u83f2\u8010\u65af", "year": "(1966)"},
{"name": "\u732b\u9f20\u6e38\u620f Catch Me If You Can", "classification": "\u5267\u60c5", "image_urls": ["https://img3.doubanio.com/view/movie_poster_cover/spst/public/p453924541.jpg"], "director": "\u53f2\u8482\u6587\u00b7\u65af\u76ae\u5c14\u4f2f\u683c", "score": "8.7", "actor": "\u83b1\u6602\u7eb3\u591a\u00b7\u8fea\u5361\u666e\u91cc\u5965", "year": "(2002)"},
{"name": "\u65ad\u80cc\u5c71 Brokeback Mountain", "classification": "\u5267\u60c5", "image_urls": ["https://img1.doubanio.com/view/movie_poster_cover/spst/public/p513535588.jpg"], "director": "\u674e\u5b89", "score": "8.5", "actor": "\u5e0c\u65af\u00b7\u83b1\u6770", "year": "(2005)"},
{"name": "\u5e78\u798f\u7ec8\u70b9\u7ad9 The Terminal", "classification": "\u5267\u60c5", "image_urls": ["https://img1.doubanio.com/view/movie_poster_cover/spst/public/p854757687.jpg"], "director": "\u53f2\u8482\u6587\u00b7\u65af\u76ae\u5c14\u4f2f\u683c", "score": "8.6", "actor": "\u6c64\u59c6\u00b7\u6c49\u514b\u65af", "year": "(2004)"},
{"name": "\u8ffd\u968f Following", "classification": "\u60ac\u7591", "image_urls": ["https://img3.doubanio.com/view/movie_poster_cover/spst/public/p2074443514.jpg"], "director": "\u514b\u91cc\u65af\u6258\u5f17\u00b7\u8bfa\u5170", "score": "9.0", "actor": "\u6770\u91cc\u7c73\u00b7\u897f\u5965\u4f2f\u5fb7", "year": "(1998)"},
{"name": "\u6050\u6016\u76f4\u64ad \ub354 \ud14c\ub7ec \ub77c\uc774\ube0c", "classification": "\u5267\u60c5", "image_urls": ["https://img3.doubanio.com/view/movie_poster_cover/spst/public/p2016930906.jpg"], "director": "\u91d1\u79c9\u7950", "score": "8.7", "actor": "\u6cb3\u6b63\u5b87", "year": "(2013)"},
{"name": "\u53ef\u53ef\u897f\u91cc", "classification": "\u5267\u60c5", "image_urls": ["https://img3.doubanio.com/view/movie_poster_cover/spst/public/p1159398311.jpg"], "director": "\u9646\u5ddd", "score": "8.6", "actor": "\u591a\u5e03\u6770", "year": "(2004)"},
{"name": "\u559c\u5bb4", "classification": "\u5267\u60c5", "image_urls": ["https://img3.doubanio.com/view/movie_poster_cover/spst/public/p2173713676.jpg"], "director": "\u674e\u5b89", "score": "8.7", "actor": "\u8d75\u6587\u7444", "year": "(1993)"},
{"name": "\u6d77\u76d7\u7535\u53f0 The Boat That Rocked", "classification": "\u5267\u60c5", "image_urls": ["https://img3.doubanio.com/view/movie_poster_cover/spst/public/p769608791.jpg"], "director": "\u7406\u67e5\u5fb7\u00b7\u67ef\u8482\u65af", "score": "8.6", "actor": "\u6bd4\u5c14\u00b7\u5948\u4f0a", "year": "(2009)"},
{"name": "\u7ea2\u8fa3\u6912 \u30d1\u30d7\u30ea\u30ab", "classification": "\u79d1\u5e7b", "image_urls": ["https://img3.doubanio.com/view/movie_poster_cover/spst/public/p672363704.jpg"], "director": "\u4eca\u654f", "score": "8.8", "actor": "\u6797\u539f\u60e0\u7f8e", "year": "(2006)"},
{"name": "\u6d88\u5931\u7684\u7231\u4eba Gone Girl", "classification": "\u5267\u60c5", "image_urls": ["https://img3.doubanio.com/view/movie_poster_cover/spst/public/p2221768894.jpg"], "director": "\u5927\u536b\u00b7\u82ac\u5947", "score": "8.7", "actor": "\u672c\u00b7\u963f\u5f17\u83b1\u514b", "year": "(2014)"},
{"name": "\u6d6a\u6f6e Die Welle", "classification": "\u5267\u60c5", "image_urls": ["https://img3.doubanio.com/view/movie_poster_cover/spst/public/p1344888983.jpg"], "director": "\u4e39\u5c3c\u65af\u00b7\u7518\u585e\u5c14", "score": "8.7", "actor": "\u7ea6\u6839\u00b7\u6c83\u683c\u5c14", "year": "(2008)"},
{"name": "\u51b0\u5ddd\u65f6\u4ee3 Ice Age", "classification": "\u559c\u5267", "image_urls": ["https://img1.doubanio.com/view/movie_poster_cover/spst/public/p1910895719.jpg"], "director": "\u5361\u6d1b\u65af\u00b7\u6c99\u5c14\u4e39\u54c8", "score": "8.4", "actor": "\u96f7\u00b7\u7f57\u9a6c\u8bfa", "year": "(2002)"},
{"name": "\u9999\u6c34 Perfume: The Story of a Murderer", "classification": "\u5267\u60c5", "image_urls": ["https://img1.doubanio.com/view/movie_poster_cover/spst/public/p470006658.jpg"], "director": "\u6c64\u59c6\u00b7\u63d0\u514b\u5a01", "score": "8.4", "actor": "\u672c\u00b7\u536b\u8096", "year": "(2006)"},
{"name": "\u82f1\u96c4\u672c\u8272", "classification": "\u52a8\u4f5c", "image_urls": ["https://img3.doubanio.com/view/movie_poster_cover/spst/public/p2157672975.jpg"], "director": "\u5434\u5b87\u68ee", "score": "8.7", "actor": "\u5468\u6da6\u53d1", "year": "(1986)"},
{"name": "\u78a7\u6d77\u84dd\u5929 Le grand bleu", "classification": "\u5267\u60c5", "image_urls": ["https://img1.doubanio.com/view/movie_poster_cover/spst/public/p455724599.jpg"], "director": "\u5415\u514b\u00b7\u8d1d\u677e", "score": "8.7", "actor": "\u8ba9-\u9a6c\u514b\u00b7\u5df4\u5c14", "year": "(1988)"},
{"name": "\u649e\u8f66 Crash", "classification": "\u5267\u60c5", "image_urls": ["https://img3.doubanio.com/view/movie_poster_cover/spst/public/p2075132390.jpg"], "director": "\u4fdd\u7f57\u00b7\u54c8\u5409\u65af", "score": "8.6", "actor": "\u6851\u5fb7\u62c9\u00b7\u5e03\u6d1b\u514b", "year": "(2004)"},
{"name": "\u6559\u72363 The Godfather: Part III", "classification": "\u5267\u60c5", "image_urls": ["https://img3.doubanio.com/view/movie_poster_cover/spst/public/p2169664351.jpg"], "director": "\u5f17\u6717\u897f\u65af\u00b7\u798f\u7279\u00b7\u79d1\u6ce2\u62c9", "score": "8.7", "actor": "\u963f\u5c14\u00b7\u5e15\u897f\u8bfa", "year": "(1990)"},
{"name": "\u5b8c\u7f8e\u7684\u4e16\u754c A Perfect World", "classification": "\u5267\u60c5", "image_urls": ["https://img3.doubanio.com/view/movie_poster_cover/spst/public/p792403691.jpg"], "director": "\u514b\u6797\u7279\u00b7\u4f0a\u65af\u7279\u4f0d\u5fb7", "score": "9.0", "actor": "\u51ef\u6587\u00b7\u79d1\u65af\u7279\u7eb3", "year": "(1993)"},
{"name": "\u73a9\u5177\u603b\u52a8\u54583 Toy Story 3", "classification": "\u559c\u5267", "image_urls": ["https://img1.doubanio.com/view/movie_poster_cover/spst/public/p1283675359.jpg"], "director": "\u674e\u00b7\u6602\u514b\u91cc\u5947", "score": "8.7", "actor": "\u6c64\u59c6\u00b7\u6c49\u514b\u65af", "year": "(2010)"},
{"name": "\u50b2\u6162\u4e0e\u504f\u89c1 Pride & Prejudice", "classification": "\u5267\u60c5", "image_urls": ["https://img3.doubanio.com/view/movie_poster_cover/spst/public/p452005185.jpg"], "director": "\u4e54\u00b7\u8d56\u7279", "score": "8.4", "actor": "\u51ef\u62c9\u00b7\u5948\u7279\u8389", "year": "(2005)"},
{"name": "\u6211\u662f\u5c71\u59c6 I Am Sam", "classification": "\u5267\u60c5", "image_urls": ["https://img3.doubanio.com/view/movie_poster_cover/spst/public/p652417775.jpg"], "director": "\u6770\u831c\u00b7\u5c3c\u5c14\u68ee", "score": "8.8", "actor": "\u897f\u6069\u00b7\u6f58", "year": "(2001)"},
{"name": "\u79d2\u901f5\u5398\u7c73 \u79d2\u901f5\u30bb\u30f3\u30c1\u30e1\u30fc\u30c8\u30eb", "classification": "\u5267\u60c5", "image_urls": ["https://img3.doubanio.com/view/movie_poster_cover/spst/public/p982896012.jpg"], "director": "\u65b0\u6d77\u8bda", "score": "8.5", "actor": "\u6c34\u6865\u7814\u4e8c", "year": "(2007)"},
{"name": "\u96e8\u4e2d\u66f2 Singin' in the Rain", "classification": "\u559c\u5267", "image_urls": ["https://img3.doubanio.com/view/movie_poster_cover/spst/public/p1612355875.jpg"], "director": "\u65af\u5766\u5229\u00b7\u591a\u5357", "score": "8.9", "actor": "\u5409\u6069\u00b7\u51ef\u5229", "year": "(1952)"},
{"name": "\u672b\u4ee3\u7687\u5e1d The Last Emperor", "classification": "\u5267\u60c5", "image_urls": ["https://img3.doubanio.com/view/movie_poster_cover/spst/public/p452088641.jpg"], "director": "\u8d1d\u7eb3\u5c14\u591a\u00b7\u8d1d\u6258\u9c81\u5947", "score": "8.7", "actor": "\u5c0a\u9f99", "year": "(1987)"},
{"name": "\u5362\u65fa\u8fbe\u996d\u5e97 Hotel Rwanda", "classification": "\u5267\u60c5", "image_urls": ["https://img3.doubanio.com/view/movie_poster_cover/spst/public/p2159368352.jpg"], "director": "\u7279\u745e\u00b7\u4e54\u6cbb", "score": "8.8", "actor": "\u5510\u00b7\u94b1\u5fb7\u5c14", "year": "(2004)"},
{"name": "\u7a7f\u6761\u7eb9\u7761\u8863\u7684\u7537\u5b69 The Boy in the Striped Pajamas", "classification": "\u5267\u60c5", "image_urls": ["https://img3.doubanio.com/view/movie_poster_cover/spst/public/p1473670352.jpg"], "director": "\u9a6c\u514b\u00b7\u8d6b\u5c14\u66fc", "score": "8.8", "actor": "\u963f\u8428\u00b7\u5df4\u7279\u83f2\u5c14\u5fb7", "year": "(2008)"},
{"name": "\u4e03\u6b66\u58eb \u4e03\u4eba\u306e\u4f8d", "classification": "\u5267\u60c5", "image_urls": ["https://img3.doubanio.com/view/movie_poster_cover/spst/public/p647099823.jpg"], "director": "\u9ed1\u6cfd\u660e", "score": "9.1", "actor": "\u4e09\u8239\u654f\u90ce", "year": "(1954)"},
{"name": "\u602a\u517d\u7535\u529b\u516c\u53f8 Monsters, Inc.", "classification": "\u559c\u5267", "image_urls": ["https://img1.doubanio.com/view/movie_poster_cover/spst/public/p1805127697.jpg"], "director": "\u5f7c\u7279\u00b7\u9053\u683c\u7279", "score": "8.6", "actor": "\u7ea6\u7ff0\u00b7\u53e4\u5fb7\u66fc", "year": "(2001)"},
{"name": "\u9ed1\u5929\u9e45 Black Swan", "classification": "\u5267\u60c5", "image_urls": ["https://img3.doubanio.com/view/movie_poster_cover/spst/public/p719282906.jpg"], "director": "\u8fbe\u4f26\u00b7\u963f\u4f26\u8bfa\u592b\u65af\u57fa", "score": "8.5", "actor": "\u5a1c\u5854\u8389\u00b7\u6ce2\u7279\u66fc", "year": "(2010)"},
{"name": "\u5077\u62d0\u62a2\u9a97 Snatch", "classification": "\u559c\u5267", "image_urls": ["https://img1.doubanio.com/view/movie_poster_cover/spst/public/p616753227.jpg"], "director": "\u76d6\u00b7\u91cc\u5947", "score": "8.5", "actor": "\u5e03\u62c9\u5fb7\u00b7\u76ae\u7279", "year": "(2000)"},
{"name": "\u731c\u706b\u8f66 Trainspotting", "classification": "\u5267\u60c5", "image_urls": ["https://img1.doubanio.com/view/movie_poster_cover/spst/public/p453198997.jpg"], "director": "\u4e39\u5c3c\u00b7\u535a\u4f0a\u5c14", "score": "8.5", "actor": "\u4f0a\u4e07\u00b7\u9ea6\u514b\u683c\u96f7\u683c", "year": "(1996)"},
{"name": "\u54c8\u5229\u00b7\u6ce2\u7279\u4e0e\u9b54\u6cd5\u77f3 Harry Potter and the Sorcerer's Stone", "classification": "\u5947\u5e7b", "image_urls": ["https://img3.doubanio.com/view/movie_poster_cover/spst/public/p804947166.jpg"], "director": "\u514b\u91cc\u65af\u00b7\u54e5\u4f26\u5e03", "score": "8.5", "actor": "\u4e39\u5c3c\u5c14\u00b7\u96f7\u5fb7\u514b\u91cc\u592b", "year": "(2001)"},
{"name": "\u4eba\u5de5\u667a\u80fd Artificial Intelligence: AI", "classification": "\u5267\u60c5", "image_urls": ["https://img1.doubanio.com/view/movie_poster_cover/spst/public/p792257137.jpg"], "director": "\u53f2\u8482\u6587\u00b7\u65af\u76ae\u5c14\u4f2f\u683c", "score": "8.6", "actor": "\u6d77\u5229\u00b7\u4e54\u00b7\u5965\u65af\u8499", "year": "(2001)"},
{"name": "\u9057\u613f\u6e05\u5355 The Bucket List", "classification": "\u5267\u60c5", "image_urls": ["https://img3.doubanio.com/view/movie_poster_cover/spst/public/p708613284.jpg"], "director": "\u7f57\u4f2f\u00b7\u83b1\u7eb3", "score": "8.5", "actor": "\u6770\u514b\u00b7\u5c3c\u79d1\u5c14\u68ee", "year": "(2007)"},
{"name": "\u4e2d\u592e\u8f66\u7ad9 Central do Brasil", "classification": "\u5267\u60c5", "image_urls": ["https://img3.doubanio.com/view/movie_poster_cover/spst/public/p2239441575.jpg"], "director": "\u6c83\u5c14\u7279\u00b7\u585e\u52d2\u65af", "score": "8.7", "actor": "\u8d39\u5c14\u5170\u5fb7\u00b7\u8499\u7279\u7eb3\u54e5", "year": "(1998)"},
{"name": "\u9752\u86c7", "classification": "\u5267\u60c5", "image_urls": ["https://img3.doubanio.com/view/movie_poster_cover/spst/public/p584021784.jpg"], "director": "\u5f90\u514b", "score": "8.3", "actor": "\u5f20\u66fc\u7389", "year": "(1993)"},
{"name": "\u591c\u8bbf\u5438\u8840\u9b3c Interview with the Vampire: The Vampire Chronicles", "classification": "\u5267\u60c5", "image_urls": ["https://img3.doubanio.com/view/movie_poster_cover/spst/public/p1353910572.jpg"], "director": "\u5c3c\u5c14\u00b7\u4e54\u4e39", "score": "8.3", "actor": "\u5e03\u62c9\u5fb7\u00b7\u76ae\u7279", "year": "(1994)"},
{"name": "\u6696\u6696\u5185\u542b\u5149 Eternal Sunshine of the Spotless Mind", "classification": "\u5267\u60c5", "image_urls": ["https://img3.doubanio.com/view/movie_poster_cover/spst/public/p479565065.jpg"], "director": "\u7c73\u6b47\u5c14\u00b7\u8d21\u5fb7\u91cc", "score": "8.4", "actor": "\u91d1\u00b7\u51ef\u745e", "year": "(2004)"},
{"name": "\u9ea6\u515c\u6545\u4e8b \u9ea5\u515c\u6545\u4e8b", "classification": "\u5267\u60c5", "image_urls": ["https://img3.doubanio.com/view/movie_poster_cover/spst/public/p804938713.jpg"], "director": "\u8881\u5efa\u6ed4", "score": "8.5", "actor": "\u674e\u664b\u7eac", "year": "(2001)"},
{"name": "\u65e0\u803b\u6df7\u86cb Inglourious Basterds", "classification": "\u5267\u60c5", "image_urls": ["https://img3.doubanio.com/view/movie_poster_cover/spst/public/p770734475.jpg"], "director": "\u6606\u6c40\u00b7\u5854\u4f26\u8482\u8bfa", "score": "8.4", "actor": "\u5e03\u62c9\u5fb7\u00b7\u76ae\u7279", "year": "(2009)"},
{"name": "\u9ec4\u91d1\u4e09\u9556\u5ba2 Il buono, il brutto, il cattivo.", "classification": "\u897f\u90e8", "image_urls": ["https://img1.doubanio.com/view/movie_poster_cover/spst/public/p2101693489.jpg"], "director": "\u8d5b\u5c14\u4e54\u00b7\u83b1\u7fc1\u5185", "score": "9.1", "actor": "\u514b\u6797\u7279\u00b7\u4f0a\u65af\u7279\u4f0d\u5fb7", "year": "(1966)"},
{"name": "\u65b0\u9f99\u95e8\u5ba2\u6808 \u65b0\u9f8d\u9580\u5ba2\u68e7", "classification": "\u5267\u60c5", "image_urls": ["https://img1.doubanio.com/view/movie_poster_cover/spst/public/p1421018669.jpg"], "director": "\u674e\u60e0\u6c11", "score": "8.4", "actor": "\u5f20\u66fc\u7389", "year": "(1992)"},
{"name": "\u4e1c\u4eac\u7269\u8bed \u6771\u4eac\u7269\u8a9e", "classification": "\u5267\u60c5", "image_urls": ["https://img3.doubanio.com/view/movie_poster_cover/spst/public/p1910832390.jpg"], "director": "\u5c0f\u6d25\u5b89\u4e8c\u90ce", "score": "9.1", "actor": "\u7b20\u667a\u4f17", "year": "(1953)"},
{"name": "\u88ab\u89e3\u6551\u7684\u59dc\u6208 Django Unchained", "classification": "\u5267\u60c5", "image_urls": ["https://img1.doubanio.com/view/movie_poster_cover/spst/public/p1959232369.jpg"], "director": "\u6606\u6c40\u00b7\u5854\u4f26\u8482\u8bfa", "score": "8.5", "actor": "\u6770\u7c73\u00b7\u798f\u514b\u65af", "year": "(2012)"},
{"name": "\u4e0e\u72fc\u5171\u821e Dances with Wolves", "classification": "\u5267\u60c5", "image_urls": ["https://img1.doubanio.com/view/movie_poster_cover/spst/public/p499158228.jpg"], "director": "\u51ef\u6587\u00b7\u79d1\u65af\u7279\u7eb3", "score": "8.9", "actor": "\u51ef\u6587\u00b7\u79d1\u65af\u7279\u7eb3", "year": "(1990)"},
{"name": "\u7f8e\u56fd\u4e3d\u4eba American Beauty", "classification": "\u5267\u60c5", "image_urls": ["https://img3.doubanio.com/view/movie_poster_cover/spst/public/p571671715.jpg"], "director": "\u8428\u59c6\u00b7\u95e8\u5fb7\u65af", "score": "8.4", "actor": "\u51ef\u6587\u00b7\u53f2\u6d3e\u897f", "year": "(1999)"},
{"name": "\u8d85\u80fd\u9646\u6218\u961f Big Hero 6", "classification": "\u559c\u5267", "image_urls": ["https://img1.doubanio.com/view/movie_poster_cover/spst/public/p2224568669.jpg"], "director": "\u5510\u00b7\u970d\u5c14", "score": "8.6", "actor": "\u65af\u79d1\u7279\u00b7\u5b89\u7b2c\u65af", "year": "(2014)"},
{"name": "\u9ed1\u5ba2\u5e1d\u56fd3\uff1a\u77e9\u9635\u9769\u547d The Matrix Revolutions", "classification": "\u52a8\u4f5c", "image_urls": ["https://img1.doubanio.com/view/movie_poster_cover/spst/public/p443461818.jpg"], "director": "\u8389\u8389\u00b7\u6c83\u5353\u65af\u57fa", "score": "8.4", "actor": "\u57fa\u52aa\u00b7\u91cc\u7ef4\u65af", "year": "(2003)"},
{"name": "\u52c7\u58eb Warrior", "classification": "\u5267\u60c5", "image_urls": ["https://img3.doubanio.com/view/movie_poster_cover/spst/public/p1145536386.jpg"], "director": "\u52a0\u6587\u00b7\u6b27\u5eb7\u8bfa", "score": "8.9", "actor": "\u6c64\u59c6\u00b7\u54c8\u8fea", "year": "(2011)"},
{"name": "\u5df4\u9ece\u6dd8\u6c14\u5e2e Le petit Nicolas", "classification": "\u559c\u5267", "image_urls": ["https://img3.doubanio.com/view/movie_poster_cover/spst/public/p524581356.jpg"], "director": "\u52b3\u4f26\u00b7\u6cf0\u62c9\u5fb7", "score": "8.6", "actor": "\u9a6c\u514b\u897f\u59c6\u00b7\u6208\u8fbe\u5c14", "year": "(2009)"},
{"name": "\u7231\u5728\u66b9\u7f57 \u0e23\u0e31\u0e01\u0e41\u0e2b\u0e48\u0e07\u0e2a\u0e22\u0e32\u0e21", "classification": "\u5267\u60c5", "image_urls": ["https://img1.doubanio.com/view/movie_poster_cover/spst/public/p1024585648.jpg"], "director": "\u695a\u514b\u2027\u8428\u514b\u745e\u79d1", "score": "8.3", "actor": "\u7ef4\u7279\u7ef4\u65af\u7279\u00b7\u6d77\u4f26\u4e9a\u6c83\u6069\u9177", "year": "(2007)"},
{"name": "\u672b\u8def\u72c2\u82b1 Thelma & Louise", "classification": "\u5267\u60c5", "image_urls": ["https://img3.doubanio.com/view/movie_poster_cover/spst/public/p794583044.jpg"], "director": "\u96f7\u5fb7\u5229\u00b7\u65af\u79d1\u7279", "score": "8.6", "actor": "\u5409\u5a1c\u00b7\u6234\u7ef4\u65af", "year": "(1991)"},
{"name": "\u6e90\u4ee3\u7801 Source Code", "classification": "\u5267\u60c5", "image_urls": ["https://img3.doubanio.com/view/movie_poster_cover/spst/public/p988260245.jpg"], "director": "\u9093\u80af\u00b7\u743c\u65af", "score": "8.3", "actor": "\u6770\u514b\u00b7\u5409\u4f26\u54c8\u5c14", "year": "(2011)"},
{"name": "\u8774\u8776 Le Papillon", "classification": "\u5267\u60c5", "image_urls": ["https://img3.doubanio.com/view/movie_poster_cover/spst/public/p1451436171.jpg"], "director": "\u8d39\u5229\u666e\u00b7\u5f25\u52d2", "score": "8.6", "actor": "\u7c73\u6b47\u5c14\u00b7\u585e\u7f57", "year": "(2002)"},
{"name": "\u54ea\u5412\u95f9\u6d77", "classification": "\u52a8\u753b", "image_urls": ["https://img1.doubanio.com/view/movie_poster_cover/spst/public/p2163636038.jpg"], "director": "\u4e25\u5b9a\u5baa", "score": "8.8", "actor": "\u6881\u6b63\u6656", "year": "(1979)"},
{"name": "\u521d\u604b\u8fd9\u4ef6\u5c0f\u4e8b \u0e2a\u0e34\u0e48\u0e07\u0e40\u0e25\u0e47\u0e01\u0e40\u0e25\u0e47\u0e01\u0e17\u0e35\u0e48\u0e40\u0e23\u0e35\u0e22\u0e01\u0e27\u0e48\u0e32...\u0e23\u0e31\u0e01", "classification": "\u559c\u5267", "image_urls": ["https://img3.doubanio.com/view/movie_poster_cover/spst/public/p1505312273.jpg"], "director": "\u666e\u7279\u9e4f\u00b7\u666e\u7f57\u8428\u5361\u00b7\u90a3\u00b7\u8428\u514b\u90a3\u5361\u6797", "score": "8.3", "actor": "\u9a6c\u91cc\u5965\u00b7\u6bdb\u745e\u5c14", "year": "(2010)"},
{"name": "\u7ec8\u7ed3\u80052\uff1a\u5ba1\u5224\u65e5 Terminator 2: Judgment Day", "classification": "\u52a8\u4f5c", "image_urls": ["https://img3.doubanio.com/view/movie_poster_cover/spst/public/p1910909085.jpg"], "director": "\u8a79\u59c6\u65af\u00b7\u5361\u6885\u9686", "score": "8.5", "actor": "\u963f\u8bfa\u00b7\u65bd\u74e6\u8f9b\u683c", "year": "(1991)"},
{"name": "\u4e0a\u5e1d\u4e5f\u75af\u72c2 The Gods Must Be Crazy", "classification": "\u559c\u5267", "image_urls": ["https://img1.doubanio.com/view/movie_poster_cover/spst/public/p2173719647.jpg"], "director": "\u52a0\u7f8e\u00b7\u5c24\u4f0a\u65af", "score": "8.6", "actor": "Marius Weyers", "year": "(1980)"},
{"name": "\u66fe\u7ecf Once", "classification": "\u5267\u60c5", "image_urls": ["https://img3.doubanio.com/view/movie_poster_cover/spst/public/p2173720203.jpg"], "director": "\u7ea6\u7ff0\u00b7\u5361\u5c3c", "score": "8.3", "actor": "\u683c\u4f26\u00b7\u6c49\u585e\u5fb7", "year": "(2006)"},
{"name": "\u975e\u5e38\u5acc\u7591\u72af The Usual Suspects", "classification": "\u5267\u60c5", "image_urls": ["https://img3.doubanio.com/view/movie_poster_cover/spst/public/p470383576.jpg"], "director": "\u5e03\u83b1\u6069\u00b7\u8f9b\u683c", "score": "8.6", "actor": "\u51ef\u6587\u00b7\u53f2\u6d3e\u897f", "year": "(1995)"},
{"name": "\u518d\u6b21\u51fa\u53d1\u4e4b\u7ebd\u7ea6\u9047\u89c1\u4f60 Begin Again", "classification": "\u559c\u5267", "image_urls": ["https://img3.doubanio.com/view/movie_poster_cover/spst/public/p2250287733.jpg"], "director": "\u7ea6\u7ff0\u00b7\u5361\u5c3c", "score": "8.5", "actor": "\u51ef\u62c9\u00b7\u5948\u7279\u8389", "year": "(2013)"},
{"name": "\u7231\u00b7\u56de\u5bb6 \uc9d1\uc73c\ub85c...", "classification": "\u5267\u60c5", "image_urls": ["https://img3.doubanio.com/view/movie_poster_cover/spst/public/p2107418134.jpg"], "director": "\u674e\u5ef7\u9999", "score": "9.1", "actor": "\u91d1\u827a\u82ac", "year": "(2002)"},
{"name": "\u8759\u8760\u4fa0\uff1a\u9ed1\u6697\u9a91\u58eb\u5d1b\u8d77 The Dark Knight Rises", "classification": "\u5267\u60c5", "image_urls": ["https://img3.doubanio.com/view/movie_poster_cover/spst/public/p1706428744.jpg"], "director": "\u514b\u91cc\u65af\u6258\u5f17\u00b7\u8bfa\u5170", "score": "8.5", "actor": "\u514b\u91cc\u65af\u8482\u5b89\u00b7\u8d1d\u5c14", "year": "(2012)"},
{"name": "\u6050\u6016\u6e38\u8f6e Triangle", "classification": "\u5267\u60c5", "image_urls": ["https://img3.doubanio.com/view/movie_poster_cover/spst/public/p462470694.jpg"], "director": "\u514b\u91cc\u65af\u6258\u5f17\u00b7\u53f2\u5bc6\u65af", "score": "8.3", "actor": "\u6885\u5229\u838e\u00b7\u4e54\u6cbb", "year": "(2009)"},
{"name": "\u4e24\u5c0f\u65e0\u731c Jeux d'enfants", "classification": "\u5267\u60c5", "image_urls": ["https://img3.doubanio.com/view/movie_poster_cover/spst/public/p455472580.jpg"], "director": "\u6768\u00b7\u585e\u8c2c\u5c14", "score": "8.2", "actor": "\u5409\u7ea6\u59c6\u00b7\u5361\u5185", "year": "(2003)"},
{"name": "\u60ca\u9b42\u8bb0 Psycho", "classification": "\u60ac\u7591", "image_urls": ["https://img3.doubanio.com/view/movie_poster_cover/spst/public/p1021883305.jpg"], "director": "\u963f\u5c14\u5f17\u96f7\u5fb7\u00b7\u5e0c\u533a\u67ef\u514b", "score": "8.8", "actor": "\u73cd\u59ae\u7279\u00b7\u5229", "year": "(1960)"},
{"name": "\u9b54\u5973\u5b85\u6025\u4fbf \u9b54\u5973\u306e\u5b85\u6025\u4fbf", "classification": "\u52a8\u753b", "image_urls": ["https://img3.doubanio.com/view/movie_poster_cover/spst/public/p456676352.jpg"], "director": "\u5bab\u5d0e\u9a8f", "score": "8.4", "actor": "\u9ad8\u5c71\u5357", "year": "(1989)"},
{"name": "\u5c0f\u68ee\u6797 \u590f\u79cb\u7bc7 \u30ea\u30c8\u30eb\u30fb\u30d5\u30a9\u30ec\u30b9\u30c8 \u590f\u30fb\u79cb", "classification": "\u5267\u60c5", "image_urls": ["https://img3.doubanio.com/view/movie_poster_cover/spst/public/p2221319641.jpg"], "director": "\u68ee\u6df3\u4e00", "score": "8.9", "actor": "\u6865\u672c\u7231", "year": "(2014)"},
{"name": "E.T. \u5916\u661f\u4eba E.T.: The Extra-Terrestrial", "classification": "\u5267\u60c5", "image_urls": ["https://img3.doubanio.com/view/movie_poster_cover/spst/public/p984732992.jpg"], "director": "\u53f2\u8482\u6587\u00b7\u65af\u76ae\u5c14\u4f2f\u683c", "score": "8.5", "actor": "\u4ea8\u5229\u00b7\u6258\u9a6c\u65af", "year": "(1982)"},
{"name": "\u8fd9\u4e2a\u7537\u4eba\u6765\u81ea\u5730\u7403 The Man from Earth", "classification": "\u5267\u60c5", "image_urls": ["https://img3.doubanio.com/view/movie_poster_cover/spst/public/p513303986.jpg"], "director": "\u7406\u67e5\u5fb7\u00b7\u6c99\u56e0\u514b\u66fc", "score": "8.5", "actor": "\u5927\u536b\u00b7\u674e\u00b7\u53f2\u5bc6\u65af", "year": "(2007)"},
{"name": "\u5510\u4f2f\u864e\u70b9\u79cb\u9999 \u5510\u4f2f\u864e\u9ede\u79cb\u9999", "classification": "\u559c\u5267", "image_urls": ["https://img3.doubanio.com/view/movie_poster_cover/spst/public/p1946455272.jpg"], "director": "\u674e\u529b\u6301", "score": "8.3", "actor": "\u5468\u661f\u9a70", "year": "(1993)"},
{"name": "\u963f\u98de\u6b63\u4f20 \u963f\u98db\u6b63\u50b3", "classification": "\u5267\u60c5", "image_urls": ["https://img3.doubanio.com/view/movie_poster_cover/spst/public/p924558512.jpg"], "director": "\u738b\u5bb6\u536b", "score": "8.5", "actor": "\u5f20\u56fd\u8363", "year": "(1990)"},
{"name": "\u7a46\u8d6b\u5170\u9053 Mulholland Dr.", "classification": "\u5267\u60c5", "image_urls": ["https://img3.doubanio.com/view/movie_poster_cover/spst/public/p792248233.jpg"], "director": "\u5927\u536b\u00b7\u6797\u5947", "score": "8.4", "actor": "\u5a1c\u5965\u7c73\u00b7\u6c83\u8328", "year": "(2001)"},
{"name": "\u65f6\u7a7a\u604b\u65c5\u4eba About Time", "classification": "\u5267\u60c5", "image_urls": ["https://img3.doubanio.com/view/movie_poster_cover/spst/public/p2070153774.jpg"], "director": "\u7406\u67e5\u5fb7\u00b7\u67ef\u8482\u65af", "score": "8.6", "actor": "\u591a\u59c6\u7eb3\u5c14\u00b7\u683c\u91cc\u68ee", "year": "(2013)"},
{"name": "\u82b1\u6837\u5e74\u534e \u82b1\u6a23\u5e74\u83ef", "classification": "\u5267\u60c5", "image_urls": ["https://img3.doubanio.com/view/movie_poster_cover/spst/public/p1910828286.jpg"], "director": "\u738b\u5bb6\u536b", "score": "8.4", "actor": "\u6881\u671d\u4f1f", "year": "(2000)"},
{"name": "\u8df3\u51fa\u6211\u5929\u5730 Billy Elliot", "classification": "\u5267\u60c5", "image_urls": ["https://img1.doubanio.com/view/movie_poster_cover/spst/public/p531278288.jpg"], "director": "\u53f2\u8482\u82ac\u00b7\u6234\u5fb7\u5229", "score": "8.7", "actor": "\u6770\u7c73\u00b7\u8d1d\u5c14", "year": "(2000)"},
{"name": "\u75af\u72c2\u7684\u77f3\u5934", "classification": "\u559c\u5267", "image_urls": ["https://img3.doubanio.com/view/movie_poster_cover/spst/public/p712241453.jpg"], "director": "\u5b81\u6d69", "score": "8.2", "actor": "\u90ed\u6d9b", "year": "(2006)"},
{"name": "\u53d8\u8138 Face/Off", "classification": "\u52a8\u4f5c", "image_urls": ["https://img3.doubanio.com/view/movie_poster_cover/spst/public/p2173855883.jpg"], "director": "\u5434\u5b87\u68ee", "score": "8.4", "actor": "\u7ea6\u7ff0\u00b7\u7279\u62c9\u6c83\u5c14\u5854", "year": "(1997)"},
{"name": "\u6211\u7231\u4f60 \uadf8\ub300\ub97c \uc0ac\ub791\ud569\ub2c8\ub2e4", "classification": "\u5267\u60c5", "image_urls": ["https://img1.doubanio.com/view/movie_poster_cover/spst/public/p1075591188.jpg"], "director": "\u79cb\u660c\u6c11", "score": "9.0", "actor": "\u5b8b\u5728\u6d69", "year": "(2011)"},
{"name": "\u5047\u5982\u7231\u6709\u5929\u610f \ud074\ub798\uc2dd", "classification": "\u5267\u60c5", "image_urls": ["https://img3.doubanio.com/view/movie_poster_cover/spst/public/p479746811.jpg"], "director": "\u90ed\u5728\u5bb9", "score": "8.2", "actor": "\u5b59\u827a\u73cd", "year": "(2003)"},
{"name": "\u901f\u5ea6\u4e0e\u6fc0\u60c55 Fast Five", "classification": "\u5267\u60c5", "image_urls": ["https://img3.doubanio.com/view/movie_poster_cover/spst/public/p898634801.jpg"], "director": "\u6797\u8be3\u5f6c", "score": "8.4", "actor": "\u8303\u00b7\u8fea\u585e\u5c14", "year": "(2011)"},
{"name": "\u5eca\u6865\u9057\u68a6 The Bridges of Madison County", "classification": "\u5267\u60c5", "image_urls": ["https://img3.doubanio.com/view/movie_poster_cover/spst/public/p616768086.jpg"], "director": "\u514b\u6797\u7279\u00b7\u4f0a\u65af\u7279\u4f0d\u5fb7", "score": "8.5", "actor": "\u514b\u6797\u7279\u00b7\u4f0a\u65af\u7279\u4f0d\u5fb7", "year": "(1995)"},
{"name": "\u6211\u4eec\u4fe9", "classification": "\u5267\u60c5", "image_urls": ["https://img3.doubanio.com/view/movie_poster_cover/spst/public/p2173725381.jpg"], "director": "\u9a6c\u4fea\u6587", "score": "8.6", "actor": "\u5bab\u54f2", "year": "(2005)"},
{"name": "\u4e0d\u4e00\u6837\u7684\u5929\u7a7a What's Eating Gilbert Grape", "classification": "\u5267\u60c5", "image_urls": ["https://img3.doubanio.com/view/movie_poster_cover/spst/public/p2175712032.jpg"], "director": "\u83b1\u585e\u00b7\u970d\u5c14\u65af\u9053\u59c6", "score": "8.6", "actor": "\u7ea6\u7ff0\u5c3c\u00b7\u5fb7\u666e", "year": "(1993)"},
{"name": "\u5343\u94a7\u4e00\u53d1 Gattaca", "classification": "\u5267\u60c5", "image_urls": ["https://img3.doubanio.com/view/movie_poster_cover/spst/public/p2195672555.jpg"], "director": "\u5b89\u5fb7\u9c81\u00b7\u5c3c\u79d1\u5c14", "score": "8.7", "actor": "\u4f0a\u6851\u00b7\u970d\u514b", "year": "(1997)"},
{"name": "\u89d2\u6597\u58eb Gladiator", "classification": "\u5267\u60c5", "image_urls": ["https://img3.doubanio.com/view/movie_poster_cover/spst/public/p1601948450.jpg"], "director": "\u96f7\u5fb7\u5229\u00b7\u65af\u79d1\u7279", "score": "8.4", "actor": "\u7f57\u7d20\u00b7\u514b\u52b3", "year": "(2000)"},
{"name": "\u8352\u86ee\u6545\u4e8b Relatos salvajes", "classification": "\u5267\u60c5", "image_urls": ["https://img3.doubanio.com/view/movie_poster_cover/spst/public/p2192834364.jpg"], "director": "\u8fbe\u7c73\u5b89\u00b7\u65af\u5179\u5f17\u9686", "score": "8.7", "actor": "\u91cc\u5361\u675c\u00b7\u8fbe\u6797", "year": "(2014)"},
{"name": "\u6708\u7403 Moon", "classification": "\u5267\u60c5", "image_urls": ["https://img3.doubanio.com/view/movie_poster_cover/spst/public/p449399746.jpg"], "director": "\u9093\u80af\u00b7\u743c\u65af", "score": "8.5", "actor": "\u5c71\u59c6\u00b7\u6d1b\u514b\u5a01\u5c14", "year": "(2009)"},
{"name": "\u8840\u94bb Blood Diamond", "classification": "\u5267\u60c5", "image_urls": ["https://img1.doubanio.com/view/movie_poster_cover/spst/public/p554741987.jpg"], "director": "\u7231\u5fb7\u534e\u00b7\u5179\u5a01\u514b", "score": "8.5", "actor": "\u83b1\u6602\u7eb3\u591a\u00b7\u8fea\u5361\u666e\u91cc\u5965", "year": "(2006)"},
{"name": "\u8352\u5c9b\u4f59\u751f Cast Away", "classification": "\u5267\u60c5", "image_urls": ["https://img1.doubanio.com/view/movie_poster_cover/spst/public/p1341248319.jpg"], "director": "\u7f57\u4f2f\u7279\u00b7\u6cfd\u7c73\u5409\u65af", "score": "8.4", "actor": "\u6c64\u59c6\u00b7\u6c49\u514b\u65af", "year": "(2000)"},
{"name": "\u57ce\u5e02\u4e4b\u5149 City Lights", "classification": "\u5267\u60c5", "image_urls": ["https://img3.doubanio.com/view/movie_poster_cover/spst/public/p2099815842.jpg"], "director": "\u67e5\u7406\u00b7\u5353\u522b\u6797", "score": "9.2", "actor": "\u67e5\u7406\u00b7\u5353\u522b\u6797", "year": "(1931)"},
{"name": "\u65e0\u654c\u7834\u574f\u738b Wreck-It Ralph", "classification": "\u559c\u5267", "image_urls": ["https://img3.doubanio.com/view/movie_poster_cover/spst/public/p1735642656.jpg"], "director": "\u745e\u5947\u00b7\u6469\u5c14", "score": "8.7", "actor": "\u7b80\u00b7\u6797\u5947", "year": "(2012)"},
{"name": "\u5bfc\u76f2\u72ac\u5c0fQ \u30af\u30a4\u30fc\u30eb", "classification": "\u5267\u60c5", "image_urls": ["https://img3.doubanio.com/view/movie_poster_cover/spst/public/p1233612794.jpg"], "director": "\u5d14\u6d0b\u4e00", "score": "8.4", "actor": "\u5c0f\u6797\u85b0", "year": "(2004)"}]