[{"course_id": "http://www.jikexueyuan.com/course/2826_3.html?ss=1", "course_name": " \u5176\u4ed6\u7eb9\u7406\u4f18\u5316\u65b9\u5f0f", "course_path": ["\u9996\u9875", "\u804c\u4e1a\u8bfe\u7a0b\u5e93", "Cocos", "Cocos2d-x \u5f15\u64ce\u6e90\u7801\u4e2d\u7684\u7eb9\u7406\u4f18\u5316"], "course_url": "http://cv4.jikexueyuan.com/d3dfec23f93e1a12b6ea3107c3dc577f/201606211645/course/3301-3400/3383/video/9697_b_h264_sd_960_540.mp4"},
{"course_id": "http://www.jikexueyuan.com/course/2826_1.html?ss=1", "course_name": " \u538b\u7f29\u7eb9\u7406", "course_path": ["\u9996\u9875", "\u804c\u4e1a\u8bfe\u7a0b\u5e93", "Cocos", "Cocos2d-x \u5f15\u64ce\u6e90\u7801\u4e2d\u7684\u7eb9\u7406\u4f18\u5316"], "course_url": "http://cv4.jikexueyuan.com/218a7e326a8144045e835d9850f312ae/201606211645/course/3301-3400/3383/video/9695_b_h264_sd_960_540.mp4"},
{"course_id": "http://www.jikexueyuan.com/course/2718_4.html?ss=1", "course_name": " iOS \u5c01\u88c5 IAP \u652f\u4ed8 SDK", "course_path": ["\u9996\u9875", "\u804c\u4e1a\u8bfe\u7a0b\u5e93", "iOS", "iOS \u5c01\u88c5\u7b2c\u4e09\u65b9\u652f\u4ed8 SDK"], "course_url": "http://cv4.jikexueyuan.com/3b03f23e36bde02bd02f46a511f9ce25/201606211645/course/2901-3000/2995/video/8774_b_h264_sd_960_540.mp4"},
{"course_id": "http://www.jikexueyuan.com/course/2718_3.html?ss=1", "course_name": " iOS \u5c01\u88c5\u7b2c\u4e09\u65b9\u652f\u4ed8 SDK", "course_path": ["\u9996\u9875", "\u804c\u4e1a\u8bfe\u7a0b\u5e93", "iOS", "iOS \u5c01\u88c5\u7b2c\u4e09\u65b9\u652f\u4ed8 SDK"], "course_url": "http://cv4.jikexueyuan.com/bbff298059ed8a691dfe61ae7bf41c11/201606211645/course/2901-3000/2995/video/8773_b_h264_sd_960_540.mp4"},
{"course_id": "http://www.jikexueyuan.com/course/2718_2.html?ss=1", "course_name": " iOS \u521b\u5efa Framework \u7c7b\u5e93", "course_path": ["\u9996\u9875", "\u804c\u4e1a\u8bfe\u7a0b\u5e93", "iOS", "iOS \u5c01\u88c5\u7b2c\u4e09\u65b9\u652f\u4ed8 SDK"], "course_url": "http://cv4.jikexueyuan.com/80a06e0054da5b5ca3921b2f8da39467/201606211645/course/2901-3000/2995/video/8772_b_h264_sd_960_540.mp4"},
{"course_id": "http://www.jikexueyuan.com/course/2720_1.html?ss=1", "course_name": " \u7f16\u7a0b\u4e4b\u7f8e\u201c\u51cc\u4e91\u4e4b\u667a\u201c\u7ebf\u4e0a\u5206\u4eab\u4e4b Azure \u7ebf\u4e0a\u57f9\u8bad\u53ca\u5de5\u7a0b\u5e08\u7b54\u7591", "course_path": ["\u9996\u9875", "\u804c\u4e1a\u8bfe\u7a0b\u5e93", "Windows Azure", "\u7f16\u7a0b\u4e4b\u7f8e\u201c\u51cc\u4e91\u4e4b\u667a\u201c\u7ebf\u4e0a\u5206\u4eab\u4e4b Azure \u7ebf\u4e0a\u57f9\u8bad\u53ca\u5de5\u7a0b\u5e08\u7b54\u7591"], "course_url": "http://cv4.jikexueyuan.com/92768d911fcd8b3361c4e5a8e70eedc7/201606211645/course/3301-3400/3325/video/c3325b_01_h264_sd_960_540.mp4"},
{"course_id": "http://www.jikexueyuan.com/course/2715_5.html?ss=1", "course_name": " \u5220\u9664\u5b66\u751f\u4fe1\u606f\u6a21\u5757", "course_path": ["\u9996\u9875", "\u804c\u4e1a\u8bfe\u7a0b\u5e93", "C", "C \u8bed\u8a00\u7f16\u7a0b\u5b9e\u6218\uff1a\u5b66\u751f\u4fe1\u606f\u7ba1\u7406\u7cfb\u7edf\uff08\u4e0b\uff09"], "course_url": "http://cv4.jikexueyuan.com/4c4fc2551d0434982a2230194c4e2e73/201606211645/course/3001-3100/3095/video/8922_b_h264_sd_960_540.mp4"},
{"course_id": "http://www.jikexueyuan.com/course/2721_3.html?ss=1", "course_name": " \u6267\u884c\u7ed8\u5236\u547d\u4ee4", "course_path": ["\u9996\u9875", "\u804c\u4e1a\u8bfe\u7a0b\u5e93", "Cocos", "Cocos2d-x \u5f15\u64ce\u6e90\u7801\u4e2d\u7684 OpenGL ES\u77e5\u8bc6\uff08\u4e0b\uff09"], "course_url": "http://cv4.jikexueyuan.com/5961b826c2d8ed374ffeb21705370b21/201606211645/course/3101-3200/3151/video/9044_b_h264_sd_960_540.mp4"},
{"course_id": "http://www.jikexueyuan.com/course/2721_1.html?ss=1", "course_name": " \u7ed1\u5b9a Shader", "course_path": ["\u9996\u9875", "\u804c\u4e1a\u8bfe\u7a0b\u5e93", "Cocos", "Cocos2d-x \u5f15\u64ce\u6e90\u7801\u4e2d\u7684 OpenGL ES\u77e5\u8bc6\uff08\u4e0b\uff09"], "course_url": "http://cv4.jikexueyuan.com/59cf9dcfa396dfa62f6d9f987ab7c295/201606211645/course/3101-3200/3151/video/9042_b_h264_sd_960_540.mp4"},
{"course_id": "http://www.jikexueyuan.com/course/2721_2.html?ss=1", "course_name": " \u4f20\u5165\u7ed8\u5236\u4fe1\u606f", "course_path": ["\u9996\u9875", "\u804c\u4e1a\u8bfe\u7a0b\u5e93", "Cocos", "Cocos2d-x \u5f15\u64ce\u6e90\u7801\u4e2d\u7684 OpenGL ES\u77e5\u8bc6\uff08\u4e0b\uff09"], "course_url": "http://cv4.jikexueyuan.com/785b1dd9008eb94430482106b34e3e2a/201606211645/course/3101-3200/3151/video/9043_b_h264_sd_960_540.mp4"},
{"course_id": "http://www.jikexueyuan.com/course/2722_2.html?ss=1", "course_name": " \u4e00\u5143\u7ebf\u6027\u56de\u5f52\u7684\u539f\u7406", "course_path": ["\u9996\u9875", "\u804c\u4e1a\u8bfe\u7a0b\u5e93", "\u6570\u636e\u6316\u6398", "\u4e00\u5143\u7ebf\u6027\u56de\u5f52"], "course_url": "http://cv4.jikexueyuan.com/49ed7043e4954dabd9f05b688b5051e5/201606211645/course/2801-2900/2842/video/7930_b_h264_sd_960_540.mp4"},
{"course_id": "http://www.jikexueyuan.com/course/2722_3.html?ss=1", "course_name": " \u4e00\u5143\u7ebf\u6027\u56de\u5f52\u5b9e\u4f8b\u89e3\u6790", "course_path": ["\u9996\u9875", "\u804c\u4e1a\u8bfe\u7a0b\u5e93", "\u6570\u636e\u6316\u6398", "\u4e00\u5143\u7ebf\u6027\u56de\u5f52"], "course_url": "http://cv4.jikexueyuan.com/29cfe249131416b020921d1387ba0d3e/201606211645/course/2801-2900/2842/video/7931_b_h264_sd_960_540.mp4"},
{"course_id": "http://www.jikexueyuan.com/course/2826_2.html?ss=1", "course_name": " \u7eb9\u7406\u7f13\u5b58", "course_path": ["\u9996\u9875", "\u804c\u4e1a\u8bfe\u7a0b\u5e93", "Cocos", "Cocos2d-x \u5f15\u64ce\u6e90\u7801\u4e2d\u7684\u7eb9\u7406\u4f18\u5316"], "course_url": "http://cv4.jikexueyuan.com/b539e4fbe320047ac3aad905fe76fe48/201606211645/course/3301-3400/3383/video/9696_b_h264_sd_960_540.mp4"},
{"course_id": "http://www.jikexueyuan.com/course/2723_4.html?ss=1", "course_name": " Flume Sink \u7ec4\u4ef6", "course_path": ["\u9996\u9875", "\u804c\u4e1a\u8bfe\u7a0b\u5e93", "Flume", "Flume \u57fa\u7840\u67b6\u6784"], "course_url": "http://cv4.jikexueyuan.com/d9a4f38b45d4a11fb3373349d33a5228/201606211645/course/3101-3200/3139/video/9274_b_h264_sd_960_540.mp4"},
{"course_id": "http://www.jikexueyuan.com/course/2723_3.html?ss=1", "course_name": " Flume Channel \u7ec4\u4ef6", "course_path": ["\u9996\u9875", "\u804c\u4e1a\u8bfe\u7a0b\u5e93", "Flume", "Flume \u57fa\u7840\u67b6\u6784"], "course_url": "http://cv4.jikexueyuan.com/6b2f23a347802af1d90d726e4f156a86/201606211645/course/3101-3200/3139/video/9273_b_h264_sd_960_540.mp4"},
{"course_id": "http://www.jikexueyuan.com/course/2780_4.html?ss=1", "course_name": " ES6 Generator \u7f16\u7a0b", "course_path": ["\u9996\u9875", "\u804c\u4e1a\u8bfe\u7a0b\u5e93", "JavaScript", "JavaScript \u5f02\u6b65\u7f16\u7a0b"], "course_url": "http://cv4.jikexueyuan.com/ca133a2a216a8a9af901e9ad49af063f/201606211645/course/2801-2900/2860/video/8003_b_h264_sd_960_540.mp4"},
{"course_id": "http://www.jikexueyuan.com/course/2780_3.html?ss=1", "course_name": " JavaScript \u5f02\u6b65\u7f16\u7a0b\u5f00\u6e90\u5e93", "course_path": ["\u9996\u9875", "\u804c\u4e1a\u8bfe\u7a0b\u5e93", "JavaScript", "JavaScript \u5f02\u6b65\u7f16\u7a0b"], "course_url": "http://cv4.jikexueyuan.com/2082393a4c129c64a51e973283c14ffe/201606211645/course/2801-2900/2860/video/8002_b_h264_sd_960_540.mp4"},
{"course_id": "http://www.jikexueyuan.com/course/2780_2.html?ss=1", "course_name": " JavaScript \u5f02\u6b65\u7f16\u7a0b\u7684\u4e3b\u8981\u65b9\u6cd5", "course_path": ["\u9996\u9875", "\u804c\u4e1a\u8bfe\u7a0b\u5e93", "JavaScript", "JavaScript \u5f02\u6b65\u7f16\u7a0b"], "course_url": "http://cv4.jikexueyuan.com/df2feeba68d5c5a869197bf1ce471f5c/201606211645/course/2801-2900/2860/video/8001_b_h264_sd_960_540.mp4"},
{"course_id": "http://www.jikexueyuan.com/course/2780_1.html?ss=1", "course_name": " JavaScript \u540c\u6b65\u548c\u5f02\u6b65\u7f16\u7a0b\u7684\u533a\u522b", "course_path": ["\u9996\u9875", "\u804c\u4e1a\u8bfe\u7a0b\u5e93", "JavaScript", "JavaScript \u5f02\u6b65\u7f16\u7a0b"], "course_url": "http://cv4.jikexueyuan.com/039e85901d5ef51d58d2d373ca5dc9dd/201606211645/course/2801-2900/2860/video/8000_b_h264_sd_960_540.mp4"},
{"course_id": "http://www.jikexueyuan.com/course/2779_4.html?ss=1", "course_name": " \u5f00\u53d1\u8005\u670d\u52a1\u7bc7-IDE\u3001\u4e91\u670d\u52a1\u3001\u5f00\u53d1\u6807\u51c6", "course_path": ["\u9996\u9875", "\u804c\u4e1a\u8bfe\u7a0b\u5e93", "Android", "Google  I/O 2016 \u6280\u672f\u63ed\u79d8\u4e0e\u524d\u77bb"], "course_url": "http://cv4.jikexueyuan.com/9df761ed1de3460813bda6d0cbb83f91/201606211645/course/3301-3400/3364/video/c3364b_04_h264_sd_960_540.mp4"},
{"course_id": "http://www.jikexueyuan.com/course/2779_2.html?ss=1", "course_name": " \u65b0\u8bbe\u5907\u4ea7\u54c1\u7bc7-\u672a\u6765\u7684\u4eba\u5de5\u667a\u80fd\u539f\u578b", "course_path": ["\u9996\u9875", "\u804c\u4e1a\u8bfe\u7a0b\u5e93", "Android", "Google  I/O 2016 \u6280\u672f\u63ed\u79d8\u4e0e\u524d\u77bb"], "course_url": "http://cv4.jikexueyuan.com/8049313386daba3e8265fb5cb451705a/201606211645/course/3301-3400/3364/video/c3364b_02_h264_sd_960_540.mp4"},
{"course_id": "http://www.jikexueyuan.com/course/2779_1.html?ss=1", "course_name": " Google I/O 2016 \u6982\u8ff0", "course_path": ["\u9996\u9875", "\u804c\u4e1a\u8bfe\u7a0b\u5e93", "Android", "Google  I/O 2016 \u6280\u672f\u63ed\u79d8\u4e0e\u524d\u77bb"], "course_url": "http://cv4.jikexueyuan.com/f64b5743aa6d178e84e1b3bcd63300b6/201606211645/course/3301-3400/3364/video/c3364b_01_h264_sd_960_540.mp4"},
{"course_id": "http://www.jikexueyuan.com/course/2781_3.html?ss=1", "course_name": " Dubbo \u505a Http \u670d\u52a1\u5668", "course_path": ["\u9996\u9875", "\u804c\u4e1a\u8bfe\u7a0b\u5e93", "\u5e38\u7528\u6846\u67b6", "Dubbo \u4f7f\u7528\u5165\u95e8\uff08\u4e0b\uff09"], "course_url": "http://cv4.jikexueyuan.com/801f2312f50d8d4d204617b02f597a81/201606211645/course/2601-2700/2621/video/7302_b_h264_sd_960_540.mp4"},
{"course_id": "http://www.jikexueyuan.com/course/2781_1.html?ss=1", "course_name": " Web \u5e94\u7528\u914d\u7f6e", "course_path": ["\u9996\u9875", "\u804c\u4e1a\u8bfe\u7a0b\u5e93", "\u5e38\u7528\u6846\u67b6", "Dubbo \u4f7f\u7528\u5165\u95e8\uff08\u4e0b\uff09"], "course_url": "http://cv4.jikexueyuan.com/12c405b0b3a33cc65ce20b662f5c71b9/201606211645/course/2601-2700/2621/video/7300_b_h264_sd_960_540.mp4"},
{"course_id": "http://www.jikexueyuan.com/course/2781_2.html?ss=1", "course_name": " Web \u5e94\u7528\u6df7\u5408\u914d\u7f6e", "course_path": ["\u9996\u9875", "\u804c\u4e1a\u8bfe\u7a0b\u5e93", "\u5e38\u7528\u6846\u67b6", "Dubbo \u4f7f\u7528\u5165\u95e8\uff08\u4e0b\uff09"], "course_url": "http://cv4.jikexueyuan.com/b98ca0c15c0cab5572be671d98b598bb/201606211645/course/2601-2700/2621/video/7301_b_h264_sd_960_540.mp4"},
{"course_id": "http://www.jikexueyuan.com/course/2743_3.html?ss=1", "course_name": " \u4e91\u8ba1\u7b97\u57fa\u7840\u77e5\u8bc6", "course_path": ["\u9996\u9875", "\u804c\u4e1a\u8bfe\u7a0b\u5e93", "Docker", "Docker \u57fa\u7840\u77e5\u8bc6"], "course_url": "http://cv4.jikexueyuan.com/1c9e5d096e975a455a2627adb195c8d1/201606211645/course/3301-3400/3332/video/9591_b_h264_sd_960_540.mp4"},
{"course_id": "http://www.jikexueyuan.com/course/2743_2.html?ss=1", "course_name": " \u865a\u62df\u5316\u6280\u672f", "course_path": ["\u9996\u9875", "\u804c\u4e1a\u8bfe\u7a0b\u5e93", "Docker", "Docker \u57fa\u7840\u77e5\u8bc6"], "course_url": "http://cv4.jikexueyuan.com/7be60d4c0f861f0762ded174be05e768/201606211645/course/3301-3400/3332/video/9590_b_h264_sd_960_540.mp4"},
{"course_id": "http://www.jikexueyuan.com/course/2743_1.html?ss=1", "course_name": " Docker hello world", "course_path": ["\u9996\u9875", "\u804c\u4e1a\u8bfe\u7a0b\u5e93", "Docker", "Docker \u57fa\u7840\u77e5\u8bc6"], "course_url": "http://cv4.jikexueyuan.com/f06983fecd424ce0f7ba94d6fa1762a7/201606211645/course/3301-3400/3332/video/9589_b_h264_sd_960_540.mp4"},
{"course_id": "http://www.jikexueyuan.com/course/2779_3.html?ss=1", "course_name": " \u7cfb\u7edf\u66f4\u65b0\u7bc7-Android N\u3001Daydream\u3001Wear 2.0\u3001Auto", "course_path": ["\u9996\u9875", "\u804c\u4e1a\u8bfe\u7a0b\u5e93", "Android", "Google  I/O 2016 \u6280\u672f\u63ed\u79d8\u4e0e\u524d\u77bb"], "course_url": "http://cv4.jikexueyuan.com/a074307fbac4bca6225030a6285be20b/201606211645/course/3301-3400/3364/video/c3364b_03_h264_sd_960_540.mp4"},
{"course_id": "http://www.jikexueyuan.com/course/2741_2.html?ss=1", "course_name": " \u573a\u666f\u4ea4\u4e92", "course_path": ["\u9996\u9875", "\u804c\u4e1a\u8bfe\u7a0b\u5e93", "OpenGL/GLES", "OSG\u4eba\u673a\u4ea4\u4e92"], "course_url": "http://cv4.jikexueyuan.com/9bc9e7b6910408ea3597831afdbb081d/201606211645/course/3101-3200/3192/video/c3192b_02_h264_sd_960_540.mp4"},
{"course_id": "http://www.jikexueyuan.com/course/2741_3.html?ss=1", "course_name": " \u5bf9\u8c61\u62fe\u53d6", "course_path": ["\u9996\u9875", "\u804c\u4e1a\u8bfe\u7a0b\u5e93", "OpenGL/GLES", "OSG\u4eba\u673a\u4ea4\u4e92"], "course_url": "http://cv4.jikexueyuan.com/42f87fa738d48207d30f2f806a9017ab/201606211645/course/3101-3200/3192/video/c3192b_03_h264_sd_960_540.mp4"},
{"course_id": "http://www.jikexueyuan.com/course/2722_1.html?ss=1", "course_name": " \u4e00\u5143\u7ebf\u6027\u56de\u5f52\u6982\u8ff0", "course_path": ["\u9996\u9875", "\u804c\u4e1a\u8bfe\u7a0b\u5e93", "\u6570\u636e\u6316\u6398", "\u4e00\u5143\u7ebf\u6027\u56de\u5f52"], "course_url": "http://cv4.jikexueyuan.com/1558ad48e834d0e248311b351dffb89d/201606211645/course/2801-2900/2842/video/7929_b_h264_sd_960_540.mp4"},
{"course_id": "http://www.jikexueyuan.com/course/2723_2.html?ss=1", "course_name": " Flume Source \u7ec4\u4ef6", "course_path": ["\u9996\u9875", "\u804c\u4e1a\u8bfe\u7a0b\u5e93", "Flume", "Flume \u57fa\u7840\u67b6\u6784"], "course_url": "http://cv4.jikexueyuan.com/2cdd979197ab5976e8819dea442a7b28/201606211645/course/3101-3200/3139/video/9270_b_h264_sd_960_540.mp4"},
{"course_id": "http://www.jikexueyuan.com/course/2730_3.html?ss=1", "course_name": " \u4f7f\u7528\u6447\u6746\u6a21\u62df\u9f20\u6807", "course_path": ["\u9996\u9875", "\u804c\u4e1a\u8bfe\u7a0b\u5e93", "Arduino", "Arduino \u6a21\u62df\u9f20\u6807\u952e\u76d8\uff08\u4e8c\uff09"], "course_url": "http://cv4.jikexueyuan.com/5c65285543bb5a0ba4dab802ff38b71f/201606211645/course/3101-3200/3163/video/9110_b_h264_sd_960_540.mp4"},
{"course_id": "http://www.jikexueyuan.com/course/2723_1.html?ss=1", "course_name": " Flume \u6574\u4f53\u67b6\u6784", "course_path": ["\u9996\u9875", "\u804c\u4e1a\u8bfe\u7a0b\u5e93", "Flume", "Flume \u57fa\u7840\u67b6\u6784"], "course_url": "http://cv4.jikexueyuan.com/f803ce945ad316c1ec7e3e153fa10a6f/201606211645/course/3101-3200/3139/video/9269_b_h264_sd_960_540.mp4"},
{"course_id": "http://www.jikexueyuan.com/course/2741_1.html?ss=1", "course_name": " \u573a\u666f\u89c6\u56fe", "course_path": ["\u9996\u9875", "\u804c\u4e1a\u8bfe\u7a0b\u5e93", "OpenGL/GLES", "OSG\u4eba\u673a\u4ea4\u4e92"], "course_url": "http://cv4.jikexueyuan.com/0ac16ae614f85f8611249517c340f82f/201606211645/course/3101-3200/3192/video/c3192b_01_h264_sd_960_540.mp4"},
{"course_id": "http://www.jikexueyuan.com/course/2730_2.html?ss=1", "course_name": " \u6a21\u62df\u9f20\u6807\u4e0e Arduino \u95f4\u7684\u8fde\u63a5", "course_path": ["\u9996\u9875", "\u804c\u4e1a\u8bfe\u7a0b\u5e93", "Arduino", "Arduino \u6a21\u62df\u9f20\u6807\u952e\u76d8\uff08\u4e8c\uff09"], "course_url": "http://cv4.jikexueyuan.com/aba9dfbe4b457fc65b82241542eab160/201606211645/course/3101-3200/3163/video/9109_b_h264_sd_960_540.mp4"},
{"course_id": "http://www.jikexueyuan.com/course/2730_1.html?ss=1", "course_name": " Leonardo \u6a21\u62df\u9f20\u6807\u539f\u7406\u4ecb\u7ecd", "course_path": ["\u9996\u9875", "\u804c\u4e1a\u8bfe\u7a0b\u5e93", "Arduino", "Arduino \u6a21\u62df\u9f20\u6807\u952e\u76d8\uff08\u4e8c\uff09"], "course_url": "http://cv4.jikexueyuan.com/0914379bbc0a039d56cab855e2520544/201606211645/course/3101-3200/3163/video/9108_b_h264_sd_960_540.mp4"},
{"course_id": "http://www.jikexueyuan.com/course/2715_3.html?ss=1", "course_name": " \u663e\u793a\u5b66\u751f\u4fe1\u606f\u6a21\u5757", "course_path": ["\u9996\u9875", "\u804c\u4e1a\u8bfe\u7a0b\u5e93", "C", "C \u8bed\u8a00\u7f16\u7a0b\u5b9e\u6218\uff1a\u5b66\u751f\u4fe1\u606f\u7ba1\u7406\u7cfb\u7edf\uff08\u4e0b\uff09"], "course_url": "http://cv4.jikexueyuan.com/a3357e1fa803b92b6c716c07ced56906/201606211645/course/3001-3100/3095/video/8920_b_h264_sd_960_540.mp4"},
{"course_id": "http://www.jikexueyuan.com/course/2715_4.html?ss=1", "course_name": " \u67e5\u627e\u5b66\u751f\u4fe1\u606f\u6a21\u5757", "course_path": ["\u9996\u9875", "\u804c\u4e1a\u8bfe\u7a0b\u5e93", "C", "C \u8bed\u8a00\u7f16\u7a0b\u5b9e\u6218\uff1a\u5b66\u751f\u4fe1\u606f\u7ba1\u7406\u7cfb\u7edf\uff08\u4e0b\uff09"], "course_url": "http://cv4.jikexueyuan.com/8f5683000bf6faed26ccd8f169e3f2ca/201606211645/course/3001-3100/3095/video/8921_b_h264_sd_960_540.mp4"},
{"course_id": "http://www.jikexueyuan.com/course/2715_2.html?ss=1", "course_name": " \u52a0\u8f7d\u5b66\u751f\u4fe1\u606f\u6a21\u5757", "course_path": ["\u9996\u9875", "\u804c\u4e1a\u8bfe\u7a0b\u5e93", "C", "C \u8bed\u8a00\u7f16\u7a0b\u5b9e\u6218\uff1a\u5b66\u751f\u4fe1\u606f\u7ba1\u7406\u7cfb\u7edf\uff08\u4e0b\uff09"], "course_url": "http://cv4.jikexueyuan.com/bd7e09666a0c523cab750825043ae0ce/201606211645/course/3001-3100/3095/video/8919_b_h264_sd_960_540.mp4"},
{"course_id": "http://www.jikexueyuan.com/course/2715_1.html?ss=1", "course_name": " \u4fdd\u5b58\u5b66\u751f\u4fe1\u606f\u6a21\u5757", "course_path": ["\u9996\u9875", "\u804c\u4e1a\u8bfe\u7a0b\u5e93", "C", "C \u8bed\u8a00\u7f16\u7a0b\u5b9e\u6218\uff1a\u5b66\u751f\u4fe1\u606f\u7ba1\u7406\u7cfb\u7edf\uff08\u4e0b\uff09"], "course_url": "http://cv4.jikexueyuan.com/dc83d3667350df81517e33028ecee766/201606211645/course/3001-3100/3095/video/8918_b_h264_sd_960_540.mp4"},
{"course_id": "http://www.jikexueyuan.com/course/2713_5.html?ss=1", "course_name": " twisted \u7684\u4ecb\u7ecd\u4ee5\u53ca\u4e0e tornado \u7684\u6bd4\u8f83", "course_path": ["\u9996\u9875", "\u804c\u4e1a\u8bfe\u7a0b\u5e93", "Python \u57fa\u7840", "Tornado \u5f00\u53d1--TCP \u7f16\u7a0b"], "course_url": "http://cv4.jikexueyuan.com/0a31b9e7204e1ed64a498617dbd22ed5/201606211645/course/3101-3200/3190/video/9225_b_h264_sd_960_540.mp4"},
{"course_id": "http://www.jikexueyuan.com/course/2713_3.html?ss=1", "course_name": " iostream \u76f8\u5173 API \u4ecb\u7ecd", "course_path": ["\u9996\u9875", "\u804c\u4e1a\u8bfe\u7a0b\u5e93", "Python \u57fa\u7840", "Tornado \u5f00\u53d1--TCP \u7f16\u7a0b"], "course_url": "http://cv4.jikexueyuan.com/38246f4cad3ea5f7a26369f35c8d9096/201606211645/course/3101-3200/3190/video/9223_b_h264_sd_960_540.mp4"},
{"course_id": "http://www.jikexueyuan.com/course/2713_1.html?ss=1", "course_name": " tornado \u5728 TCP \u5c42\u7684\u5de5\u4f5c", "course_path": ["\u9996\u9875", "\u804c\u4e1a\u8bfe\u7a0b\u5e93", "Python \u57fa\u7840", "Tornado \u5f00\u53d1--TCP \u7f16\u7a0b"], "course_url": "http://cv4.jikexueyuan.com/2456c5e2eee51805fee3bad96f4332d9/201606211645/course/3101-3200/3190/video/9221_b_h264_sd_960_540.mp4"},
{"course_id": "http://www.jikexueyuan.com/course/2713_2.html?ss=1", "course_name": " ioloop \u76f8\u5173 API \u4ecb\u7ecd", "course_path": ["\u9996\u9875", "\u804c\u4e1a\u8bfe\u7a0b\u5e93", "Python \u57fa\u7840", "Tornado \u5f00\u53d1--TCP \u7f16\u7a0b"], "course_url": "http://cv4.jikexueyuan.com/3472082935bdeaf5c62bfe24948949ea/201606211645/course/3101-3200/3190/video/9222_b_h264_sd_960_540.mp4"},
{"course_id": "http://www.jikexueyuan.com/course/2714_3.html?ss=1", "course_name": " \u6700\u5c0f\u6df1\u5ea6", "course_path": ["\u9996\u9875", "\u804c\u4e1a\u8bfe\u7a0b\u5e93", "\u6570\u636e\u7ed3\u6784", "\u540d\u4f01\u6570\u636e\u7ed3\u6784\u9762\u8bd5\u9898\u4e4b DFS\uff08\u4e0a\uff09"], "course_url": "http://cv4.jikexueyuan.com/1c48839126e7729158c25eee0ae0e4cc/201606211645/course/3201-3300/3265/video/9385_b_h264_sd_960_540.mp4"},
{"course_id": "http://www.jikexueyuan.com/course/2714_4.html?ss=1", "course_name": " \u53cd\u8f6c\u4e8c\u53c9\u6811", "course_path": ["\u9996\u9875", "\u804c\u4e1a\u8bfe\u7a0b\u5e93", "\u6570\u636e\u7ed3\u6784", "\u540d\u4f01\u6570\u636e\u7ed3\u6784\u9762\u8bd5\u9898\u4e4b DFS\uff08\u4e0a\uff09"], "course_url": "http://cv4.jikexueyuan.com/6973f75dcab5d4291c0c6625286033c8/201606211645/course/3201-3300/3265/video/9386_b_h264_sd_960_540.mp4"},
{"course_id": "http://www.jikexueyuan.com/course/2714_1.html?ss=1", "course_name": " \u8282\u70b9\u6240\u5728\u5c42\u6570", "course_path": ["\u9996\u9875", "\u804c\u4e1a\u8bfe\u7a0b\u5e93", "\u6570\u636e\u7ed3\u6784", "\u540d\u4f01\u6570\u636e\u7ed3\u6784\u9762\u8bd5\u9898\u4e4b DFS\uff08\u4e0a\uff09"], "course_url": "http://cv4.jikexueyuan.com/fbab5f5645a270fbcb444b3ded48aba9/201606211645/course/3201-3300/3265/video/9383_b_h264_sd_960_540.mp4"},
{"course_id": "http://www.jikexueyuan.com/course/2714_2.html?ss=1", "course_name": " \u6700\u5927\u6df1\u5ea6", "course_path": ["\u9996\u9875", "\u804c\u4e1a\u8bfe\u7a0b\u5e93", "\u6570\u636e\u7ed3\u6784", "\u540d\u4f01\u6570\u636e\u7ed3\u6784\u9762\u8bd5\u9898\u4e4b DFS\uff08\u4e0a\uff09"], "course_url": "http://cv4.jikexueyuan.com/1ebe43a6e151877d1b107e731419b067/201606211645/course/3201-3300/3265/video/9384_b_h264_sd_960_540.mp4"},
{"course_id": "http://www.jikexueyuan.com/course/2713_4.html?ss=1", "course_name": " RPC \u4ecb\u7ecd\u4ee5\u53ca\u4f7f\u7528", "course_path": ["\u9996\u9875", "\u804c\u4e1a\u8bfe\u7a0b\u5e93", "Python \u57fa\u7840", "Tornado \u5f00\u53d1--TCP \u7f16\u7a0b"], "course_url": "http://cv4.jikexueyuan.com/6d1ee6aaf2a33ac7c138b6bc4640c3e0/201606211645/course/3101-3200/3190/video/9224_b_h264_sd_960_540.mp4"},
{"course_id": "http://www.jikexueyuan.com/course/2719_3.html?ss=1", "course_name": " \u6301\u4e45\u5316\u7c7b\u578b\u5339\u914d\u7684\u5e94\u7528", "course_path": ["\u9996\u9875", "\u804c\u4e1a\u8bfe\u7a0b\u5e93", "Android", "Launcher3\uff0d\u6587\u4ef6\u5939\u81ea\u52a8\u6574\u7406"], "course_url": "http://cv4.jikexueyuan.com/9eb18f658fd0f0fcb90eb5955e03b07b/201606211645/course/3201-3300/3244/video/c3244b_03_h264_sd_960_540.mp4"},
{"course_id": "http://www.jikexueyuan.com/course/2719_2.html?ss=1", "course_name": " \u6587\u4ef6\u5939\u7c7b\u578b", "course_path": ["\u9996\u9875", "\u804c\u4e1a\u8bfe\u7a0b\u5e93", "Android", "Launcher3\uff0d\u6587\u4ef6\u5939\u81ea\u52a8\u6574\u7406"], "course_url": "http://cv4.jikexueyuan.com/f8c38ab6570b834b771233d9ccfe8fab/201606211645/course/3201-3300/3244/video/c3244b_02_h264_sd_960_540.mp4"},
{"course_id": "http://www.jikexueyuan.com/course/2719_4.html?ss=1", "course_name": " \u5728 Workspace \u663e\u793a\u5339\u914d\u7684\u5e94\u7528", "course_path": ["\u9996\u9875", "\u804c\u4e1a\u8bfe\u7a0b\u5e93", "Android", "Launcher3\uff0d\u6587\u4ef6\u5939\u81ea\u52a8\u6574\u7406"], "course_url": "http://cv4.jikexueyuan.com/2561ecfe198900b987ead239ae30d3b0/201606211645/course/3201-3300/3244/video/c3244b_04_h264_sd_960_540.mp4"},
{"course_id": "http://www.jikexueyuan.com/course/2716_3.html?ss=1", "course_name": " \u4f4d\u7f6e\u4fe1\u606f\u4e0e\u4e2a\u4eba\u9690\u79c1", "course_path": ["\u9996\u9875", "\u804c\u4e1a\u8bfe\u7a0b\u5e93", "\u79fb\u52a8\u901a\u4fe1", "\u7269\u8054\u7f51\u6280\u672f\u5bfc\u8bba\uff08\u5341\u4e00\uff09\u7269\u8054\u7f51\u4e2d\u7684\u4fe1\u606f\u5b89\u5168\u4e0e\u9690\u79c1\u4fdd\u62a4"], "course_url": "http://cv4.jikexueyuan.com/94df973416af74f8a19677424cb24212/201606211645/course/3101-3200/3182/video/9155_b_h264_sd_960_540.mp4"},
{"course_id": "http://www.jikexueyuan.com/course/2716_2.html?ss=1", "course_name": " RFID \u5b89\u5168\u548c\u9690\u79c1\u4fdd\u62a4\u673a\u5236", "course_path": ["\u9996\u9875", "\u804c\u4e1a\u8bfe\u7a0b\u5e93", "\u79fb\u52a8\u901a\u4fe1", "\u7269\u8054\u7f51\u6280\u672f\u5bfc\u8bba\uff08\u5341\u4e00\uff09\u7269\u8054\u7f51\u4e2d\u7684\u4fe1\u606f\u5b89\u5168\u4e0e\u9690\u79c1\u4fdd\u62a4"], "course_url": "http://cv4.jikexueyuan.com/dbb1d55e605b6ba89496f8160b24914a/201606211645/course/3101-3200/3182/video/9154_b_h264_sd_960_540.mp4"},
{"course_id": "http://www.jikexueyuan.com/course/2718_1.html?ss=1", "course_name": " iOS \u521b\u5efa\u9759\u6001\u5e93", "course_path": ["\u9996\u9875", "\u804c\u4e1a\u8bfe\u7a0b\u5e93", "iOS", "iOS \u5c01\u88c5\u7b2c\u4e09\u65b9\u652f\u4ed8 SDK"], "course_url": "http://cv4.jikexueyuan.com/d63945736af6c22de0a55a68adb910c9/201606211645/course/2901-3000/2995/video/8699_b_h264_sd_960_540.mp4"},
{"course_id": "http://www.jikexueyuan.com/course/2716_1.html?ss=1", "course_name": " RFID \u5b89\u5168\u548c\u9690\u79c1", "course_path": ["\u9996\u9875", "\u804c\u4e1a\u8bfe\u7a0b\u5e93", "\u79fb\u52a8\u901a\u4fe1", "\u7269\u8054\u7f51\u6280\u672f\u5bfc\u8bba\uff08\u5341\u4e00\uff09\u7269\u8054\u7f51\u4e2d\u7684\u4fe1\u606f\u5b89\u5168\u4e0e\u9690\u79c1\u4fdd\u62a4"], "course_url": "http://cv4.jikexueyuan.com/9b5aba05602a732251c2047a2b06e95f/201606211645/course/3101-3200/3182/video/9153_b_h264_sd_960_540.mp4"},
{"course_id": "http://www.jikexueyuan.com/course/2719_1.html?ss=1", "course_name": " \u9879\u76ee\u6f14\u793a\u4ee5\u53ca\u9700\u6c42\u5206\u6790", "course_path": ["\u9996\u9875", "\u804c\u4e1a\u8bfe\u7a0b\u5e93", "Android", "Launcher3\uff0d\u6587\u4ef6\u5939\u81ea\u52a8\u6574\u7406"], "course_url": "http://cv4.jikexueyuan.com/1a528930a24bf6203c3b137f5c7ccc36/201606211645/course/3201-3300/3244/video/c3244b_01_h264_sd_960_540.mp4"},
{"course_id": "http://www.jikexueyuan.com/course/2782_3.html?ss=1", "course_name": " \u8bbe\u7f6e\u7eb9\u7406\u5c5e\u6027\u5e76\u4f7f\u7528\u7eb9\u7406", "course_path": ["\u9996\u9875", "\u804c\u4e1a\u8bfe\u7a0b\u5e93", "Cocos", "Cocos2d-x \u5f15\u64ce\u6e90\u7801\u4e2d\u7684\u7eb9\u7406"], "course_url": "http://cv4.jikexueyuan.com/e3cb5e2378011a46d485d48de0e2241f/201606211645/course/3301-3400/3305/video/9510_b_h264_sd_960_540.mp4"},
{"course_id": "http://www.jikexueyuan.com/course/2782_1.html?ss=1", "course_name": " \u751f\u6210\u7eb9\u7406\u524d\u7684\u51c6\u5907\u5de5\u4f5c", "course_path": ["\u9996\u9875", "\u804c\u4e1a\u8bfe\u7a0b\u5e93", "Cocos", "Cocos2d-x \u5f15\u64ce\u6e90\u7801\u4e2d\u7684\u7eb9\u7406"], "course_url": "http://cv4.jikexueyuan.com/b04de0f87c3d59faf12947e3477abfb0/201606211645/course/3301-3400/3305/video/9508_b_h264_sd_960_540.mp4"},
{"course_id": "http://www.jikexueyuan.com/course/2782_2.html?ss=1", "course_name": " \u751f\u6210\u7eb9\u7406", "course_path": ["\u9996\u9875", "\u804c\u4e1a\u8bfe\u7a0b\u5e93", "Cocos", "Cocos2d-x \u5f15\u64ce\u6e90\u7801\u4e2d\u7684\u7eb9\u7406"], "course_url": "http://cv4.jikexueyuan.com/abc989581401e5e75f3655ceb13effc8/201606211645/course/3301-3400/3305/video/9509_b_h264_sd_960_540.mp4"},
{"course_id": "http://www.jikexueyuan.com/course/2790_2.html?ss=1", "course_name": " \u516c\u6709\u73af\u5883\u5b89\u88c5 Docker", "course_path": ["\u9996\u9875", "\u804c\u4e1a\u8bfe\u7a0b\u5e93", "Docker", "Docker \u5b89\u88c5"], "course_url": "http://cv4.jikexueyuan.com/aa425b111fa2c1add0dd9a4098e69d9e/201606211645/course/3301-3400/3356/video/9621_b_h264_sd_960_540.mp4"},
{"course_id": "http://www.jikexueyuan.com/course/2790_1.html?ss=1", "course_name": " \u79c1\u6709\u73af\u5883\u5b89\u88c5 Docker", "course_path": ["\u9996\u9875", "\u804c\u4e1a\u8bfe\u7a0b\u5e93", "Docker", "Docker \u5b89\u88c5"], "course_url": "http://cv4.jikexueyuan.com/3160a3fdede0ef473bb83fa5f1d77ec1/201606211645/course/3301-3400/3356/video/9620_b_h264_sd_960_540.mp4"},
{"course_id": "http://www.jikexueyuan.com/course/2790_3.html?ss=1", "course_name": " \u914d\u7f6e\u56fd\u5185\u955c\u50cf\u4ed3\u5e93", "course_path": ["\u9996\u9875", "\u804c\u4e1a\u8bfe\u7a0b\u5e93", "Docker", "Docker \u5b89\u88c5"], "course_url": "http://cv4.jikexueyuan.com/0b77638c50cdf1abb7a3edab236fa34a/201606211645/course/3301-3400/3356/video/9622_b_h264_sd_960_540.mp4"},
{"course_id": "http://www.jikexueyuan.com/course/2791_4.html?ss=1", "course_name": " \u524d\u540e\u7aef\u7a0b\u5e8f\u5b9e\u73b0", "course_path": ["\u9996\u9875", "\u804c\u4e1a\u8bfe\u7a0b\u5e93", "\u6811\u8393\u6d3e", "\u6811\u8393\u6d3e\u9879\u76ee\u5b9e\u8df5\uff08\u4e00\uff09\u2014\u2014\u53ef\u7528 web \u63a7\u5236\u7684\u4eba\u4f53\u611f\u5e94\u5c0f\u591c\u706f"], "course_url": "http://cv4.jikexueyuan.com/7f4880db61dc883d96aaa3fc610bee0b/201606211645/course/2801-2900/2817/video/9089_b_h264_sd_960_540.mp4"},
{"course_id": "http://www.jikexueyuan.com/course/2791_3.html?ss=1", "course_name": " \u8ba9\u6811\u8393\u6d3e\u7cfb\u7edf\u6b63\u786e\u8d70\u65f6", "course_path": ["\u9996\u9875", "\u804c\u4e1a\u8bfe\u7a0b\u5e93", "\u6811\u8393\u6d3e", "\u6811\u8393\u6d3e\u9879\u76ee\u5b9e\u8df5\uff08\u4e00\uff09\u2014\u2014\u53ef\u7528 web \u63a7\u5236\u7684\u4eba\u4f53\u611f\u5e94\u5c0f\u591c\u706f"], "course_url": "http://cv4.jikexueyuan.com/d3b293a67827d5572047574a38186807/201606211645/course/2801-2900/2817/video/9088_b_h264_sd_960_540.mp4"},
{"course_id": "http://www.jikexueyuan.com/course/2791_1.html?ss=1", "course_name": " \u9700\u6c42\u5206\u6790", "course_path": ["\u9996\u9875", "\u804c\u4e1a\u8bfe\u7a0b\u5e93", "\u6811\u8393\u6d3e", "\u6811\u8393\u6d3e\u9879\u76ee\u5b9e\u8df5\uff08\u4e00\uff09\u2014\u2014\u53ef\u7528 web \u63a7\u5236\u7684\u4eba\u4f53\u611f\u5e94\u5c0f\u591c\u706f"], "course_url": "http://cv4.jikexueyuan.com/5f00cd92cf7916917256c35fa68a8c5a/201606211645/course/2801-2900/2817/video/7835_b_h264_sd_960_540.mp4"},
{"course_id": "http://www.jikexueyuan.com/course/2791_2.html?ss=1", "course_name": " \u4eba\u4f53\u63a5\u8fd1\u611f\u5e94\u529f\u80fd\u7684\u5b9e\u73b0", "course_path": ["\u9996\u9875", "\u804c\u4e1a\u8bfe\u7a0b\u5e93", "\u6811\u8393\u6d3e", "\u6811\u8393\u6d3e\u9879\u76ee\u5b9e\u8df5\uff08\u4e00\uff09\u2014\u2014\u53ef\u7528 web \u63a7\u5236\u7684\u4eba\u4f53\u611f\u5e94\u5c0f\u591c\u706f"], "course_url": "http://cv4.jikexueyuan.com/2127f29d528ee2f4f932a82f15684d39/201606211645/course/2801-2900/2817/video/9087_b_h264_sd_960_540.mp4"},
{"course_id": "http://www.jikexueyuan.com/course/2792_1.html?ss=1", "course_name": " SQL Server \u6570\u636e\u5e93\u7684\u67e5\u8be2\u4f18\u5316\u5668\u7684\u8fd0\u884c\u6982\u8ff0", "course_path": ["\u9996\u9875", "\u804c\u4e1a\u8bfe\u7a0b\u5e93", "SQL Server", "Microsoft SQL Server \u6570\u636e\u5e93\u7684\u67e5\u8be2\u4f18\u5316\u5668\u7684\u8fd0\u884c\u65b9\u5f0f"], "course_url": "http://cv4.jikexueyuan.com/7a467684aecdafe875c4bdf2cf405be2/201606211645/course/1901-2000/1909/video/5160_b_h264_sd_960_540.mp4"},
{"course_id": "http://www.jikexueyuan.com/course/2792_2.html?ss=1", "course_name": " SQL Server \u6570\u636e\u5e93\u7684\u67e5\u8be2\u4f18\u5316\u5668\u7684\u7b5b\u9009\u6761\u4ef6\u5206\u6790", "course_path": ["\u9996\u9875", "\u804c\u4e1a\u8bfe\u7a0b\u5e93", "SQL Server", "Microsoft SQL Server \u6570\u636e\u5e93\u7684\u67e5\u8be2\u4f18\u5316\u5668\u7684\u8fd0\u884c\u65b9\u5f0f"], "course_url": "http://cv4.jikexueyuan.com/85bed3899eb78973546c0f6451bac768/201606211645/course/1901-2000/1909/video/5161_b_h264_sd_960_540.mp4"},
{"course_id": "http://www.jikexueyuan.com/course/2815_6.html?ss=1", "course_name": " \u6570\u636e\u5e93\u6a21\u5757\uff08\u4e0b\uff09", "course_path": ["\u9996\u9875", "\u804c\u4e1a\u8bfe\u7a0b\u5e93", "Android", "Android \u5feb\u901f\u5f00\u53d1\u6846\u67b6\u4e4b xUtils3"], "course_url": "http://cv4.jikexueyuan.com/dc91f33f613594700f510ff6333aff53/201606211645/course/3201-3300/3261/video/9371_b_h264_sd_960_540.mp4"},
{"course_id": "http://www.jikexueyuan.com/course/2815_5.html?ss=1", "course_name": " \u6570\u636e\u5e93\u6a21\u5757\uff08\u4e0a\uff09", "course_path": ["\u9996\u9875", "\u804c\u4e1a\u8bfe\u7a0b\u5e93", "Android", "Android \u5feb\u901f\u5f00\u53d1\u6846\u67b6\u4e4b xUtils3"], "course_url": "http://cv4.jikexueyuan.com/d2ca22039c319d6091ed1181933804f0/201606211645/course/3201-3300/3261/video/9370_b_h264_sd_960_540.mp4"},
{"course_id": "http://www.jikexueyuan.com/course/2792_3.html?ss=1", "course_name": " SQL Server \u6570\u636e\u5e93\u7684\u67e5\u8be2\u4f18\u5316\u5668\u7684\u7d22\u5f15\u4f18\u5316\u6280\u5de7", "course_path": ["\u9996\u9875", "\u804c\u4e1a\u8bfe\u7a0b\u5e93", "SQL Server", "Microsoft SQL Server \u6570\u636e\u5e93\u7684\u67e5\u8be2\u4f18\u5316\u5668\u7684\u8fd0\u884c\u65b9\u5f0f"], "course_url": "http://cv4.jikexueyuan.com/575009f824e909744bfbe07a1265b7a6/201606211645/course/1901-2000/1909/video/5162_b_h264_sd_960_540.mp4"},
{"course_id": "http://www.jikexueyuan.com/course/2825_1.html?ss=1", "course_name": " \u82f9\u679c WWDC 2016 \u89e3\u8bfb", "course_path": ["\u9996\u9875", "\u804c\u4e1a\u8bfe\u7a0b\u5e93", "iOS", "\u82f9\u679c WWDC 2016 \u89e3\u8bfb"], "course_url": "http://cv4.jikexueyuan.com/368a1d20fb6c82650cf2c4f9fec783c3/201606211645/course/3401-3500/3407/video/c3407b_01_h264_sd_960_540.mp4"},
{"course_id": "http://www.jikexueyuan.com/course/2821_4.html?ss=1", "course_name": " \u9879\u76ee\u8fdb\u9636\u4e0e\u5206\u6790", "course_path": ["\u9996\u9875", "\u804c\u4e1a\u8bfe\u7a0b\u5e93", "\u9879\u76ee\u5b9e\u6218", "Gulp + Sass + Bootstrap \u7f51\u9875\u5f00\u53d1\u5b9e\u6218"], "course_url": "http://cv4.jikexueyuan.com/ec89a9c20f4da60df740a215ff40ce6d/201606211645/course/3201-3300/3206/video/9246_b_h264_sd_960_540.mp4"},
{"course_id": "http://www.jikexueyuan.com/course/2821_1.html?ss=1", "course_name": " \u6280\u672f\u6982\u8ff0", "course_path": ["\u9996\u9875", "\u804c\u4e1a\u8bfe\u7a0b\u5e93", "\u9879\u76ee\u5b9e\u6218", "Gulp + Sass + Bootstrap \u7f51\u9875\u5f00\u53d1\u5b9e\u6218"], "course_url": "http://cv4.jikexueyuan.com/461ea5feb762d5d6426fa5affddf9545/201606211645/course/3201-3300/3206/video/9243_b_h264_sd_960_540.mp4"},
{"course_id": "http://www.jikexueyuan.com/course/2821_3.html?ss=1", "course_name": " \u5355\u9875\u7f51\u7ad9\u9879\u76ee\u5b9e\u6218", "course_path": ["\u9996\u9875", "\u804c\u4e1a\u8bfe\u7a0b\u5e93", "\u9879\u76ee\u5b9e\u6218", "Gulp + Sass + Bootstrap \u7f51\u9875\u5f00\u53d1\u5b9e\u6218"], "course_url": "http://cv4.jikexueyuan.com/4f897ced575a987d10245c47d98d6a13/201606211645/course/3201-3300/3206/video/9245_b_h264_sd_960_540.mp4"},
{"course_id": "http://www.jikexueyuan.com/course/2815_4.html?ss=1", "course_name": " \u56fe\u7247\u6a21\u5757", "course_path": ["\u9996\u9875", "\u804c\u4e1a\u8bfe\u7a0b\u5e93", "Android", "Android \u5feb\u901f\u5f00\u53d1\u6846\u67b6\u4e4b xUtils3"], "course_url": "http://cv4.jikexueyuan.com/275756b59b406bfbf1b17db33af734c7/201606211645/course/3201-3300/3261/video/9369_b_h264_sd_960_540.mp4"},
{"course_id": "http://www.jikexueyuan.com/course/2821_2.html?ss=1", "course_name": " \u4f7f\u7528 yo \u642d\u5efa\u4e00\u4e2a Gulp + Sass + Bootstrap \u9879\u76ee", "course_path": ["\u9996\u9875", "\u804c\u4e1a\u8bfe\u7a0b\u5e93", "\u9879\u76ee\u5b9e\u6218", "Gulp + Sass + Bootstrap \u7f51\u9875\u5f00\u53d1\u5b9e\u6218"], "course_url": "http://cv4.jikexueyuan.com/33b92c3cd25a0059a3d1b6aaf98b8f82/201606211645/course/3201-3300/3206/video/9244_b_h264_sd_960_540.mp4"},
{"course_id": "http://www.jikexueyuan.com/course/2815_2.html?ss=1", "course_name": " \u6ce8\u89e3\u6a21\u5757", "course_path": ["\u9996\u9875", "\u804c\u4e1a\u8bfe\u7a0b\u5e93", "Android", "Android \u5feb\u901f\u5f00\u53d1\u6846\u67b6\u4e4b xUtils3"], "course_url": "http://cv4.jikexueyuan.com/dc2cbd00c65ae52c70e68b27c8e820f3/201606211645/course/3201-3300/3261/video/9367_b_h264_sd_960_540.mp4"},
{"course_id": "http://www.jikexueyuan.com/course/2815_1.html?ss=1", "course_name": " xUtils3 \u7b80\u4ecb", "course_path": ["\u9996\u9875", "\u804c\u4e1a\u8bfe\u7a0b\u5e93", "Android", "Android \u5feb\u901f\u5f00\u53d1\u6846\u67b6\u4e4b xUtils3"], "course_url": "http://cv4.jikexueyuan.com/03acf25187ebb03ece4f8355c4ab984a/201606211645/course/3201-3300/3261/video/9366_b_h264_sd_960_540.mp4"},
{"course_id": "http://www.jikexueyuan.com/course/2815_3.html?ss=1", "course_name": " \u7f51\u7edc\u6a21\u5757", "course_path": ["\u9996\u9875", "\u804c\u4e1a\u8bfe\u7a0b\u5e93", "Android", "Android \u5feb\u901f\u5f00\u53d1\u6846\u67b6\u4e4b xUtils3"], "course_url": "http://cv4.jikexueyuan.com/869dda36e9a6f5bdb67511cf923087c9/201606211645/course/3201-3300/3261/video/9368_b_h264_sd_960_540.mp4"}]